Grapheme	IPA	EXAMPLES	LANGUAGES	FREQUENCY	CODEPOINTS
$	NULL				
(	NULL				
(_n)_thei¹³	tʰ e i	( n) thei¹³	Zhaba	1	U+0028 U+0020 U+006e U+0029 U+0020 U+0074 U+0068 U+0065 U+0069 U+00b9 U+00b3
(kha¹³_me⁵⁵)_tə⁵⁵zo⁵⁵	kʰ a ¹³ + m e ⁵⁵ + t ə ⁵⁵ z o ⁵⁵	(kha¹³ me⁵⁵) tə⁵⁵zo⁵⁵	QueyuXinlong	1	U+0028 U+006b U+0068 U+0061 U+00b9 U+00b3 U+0020 U+006d U+0065 U+2075 U+2075 U+0029 U+0020 U+0074 U+0259 U+2075 U+2075 U+007a U+006f U+2075 U+2075
(lɛji)_mqhə_lə	m qʰ ə + l ə	(lɛji) mqhə lə	Daofu	1	U+0028 U+006c U+025b U+006a U+0069 U+0029 U+0020 U+006d U+0071 U+0068 U+0259 U+0020 U+006c U+0259
(mda³³)_ʑi¹³	m d a ³³ ʑ i ¹³	(mda³³) ʑi¹³	Zhaba	1	U+0028 U+006d U+0064 U+0061 U+00b3 U+00b3 U+0029 U+0020 U+0291 U+0069 U+00b9 U+00b3
(pər)_kɐ__ndʐət	p ə r + k ɐ + n ɖʐ ə t	(pər) kɐ ndʐət	MaerkangrGyalrong	1	U+0028 U+0070 U+0259 U+0072 U+0029 U+0020 U+006b U+0250 U+0020 U+006e U+0064 U+0290 U+0259 U+0074
(qha⁵⁵ʂn̥a⁵⁵)_kuə⁵⁵	qʰ a ⁵⁵ ʂ n̥ a ⁵⁵ + k u ə ⁵⁵	(qha⁵⁵ʂn̥a⁵⁵) kuə⁵⁵	QueyuXinlong	1	U+0028 U+0071 U+0068 U+0061 U+2075 U+2075 U+0282 U+006e U+0325 U+0061 U+2075 U+2075 U+0029 U+0020 U+006b U+0075 U+0259 U+2075 U+2075
(rlɯ⁵⁵)_tə⁵⁵mtɕhe⁵⁵	r l ɯ ⁵⁵ + t ə ⁵⁵ m tɕ h e ⁵⁵	(rlɯ⁵⁵) tə⁵⁵mtɕhe⁵⁵	QueyuXinlong	1	U+0028 U+0072 U+006c U+026f U+2075 U+2075 U+0029 U+0020 U+0074 U+0259 U+2075 U+2075 U+006d U+0074 U+0255 U+0068 U+0065 U+2075 U+2075
(se⁵⁵_ʂpe⁵⁵)_ble⁵⁵	s e ⁵⁵ + ʂ p e ⁵⁵ + b l e ⁵⁵	(se⁵⁵ ʂpe⁵⁵) ble⁵⁵	QueyuXinlong	1	U+0028 U+0073 U+0065 U+2075 U+2075 U+0020 U+0282 U+0070 U+0065 U+2075 U+2075 U+0029 U+0020 U+0062 U+006c U+0065 U+2075 U+2075
(tsi³³tʂu⁵⁵)_tə³³dʑɐ⁵³	ts i ³³ ʈʂ u ⁵⁵ + t ə ³³ dʑ ɐ ⁵³	(tsi³³tʂu⁵⁵) tə³³dʑɐ⁵³	MuyaKangding	1	U+0028 U+0074 U+0073 U+0069 U+00b3 U+00b3 U+0074 U+0282 U+0075 U+2075 U+2075 U+0029 U+0020 U+0074 U+0259 U+00b3 U+00b3 U+0064 U+0291 U+0250 U+2075 U+00b3
(tə_rpi)_kɐ_ktor	t ə + r p i + k ɐ + k t o r	(tə rpi) kɐ ktor	MaerkangrGyalrong	1	U+0028 U+0074 U+0259 U+0020 U+0072 U+0070 U+0069 U+0029 U+0020 U+006b U+0250 U+0020 U+006b U+0074 U+006f U+0072
(tə_tʃi)_kə_ndə	t ə + tʃ i + k ə + n d ə	(tə tʃi) kə ndə	MaerkangrGyalrong	1	U+0028 U+0074 U+0259 U+0020 U+0074 U+0283 U+0069 U+0029 U+0020 U+006b U+0259 U+0020 U+006e U+0064 U+0259
(tə_ŋɑr)_kɐ_phʃət	t ə + ŋ ɑ r + k ɐ + pʰ ʃ ə t	(tə ŋɑr) kɐ phʃət	MaerkangrGyalrong	1	U+0028 U+0074 U+0259 U+0020 U+014b U+0251 U+0072 U+0029 U+0020 U+006b U+0250 U+0020 U+0070 U+0068 U+0283 U+0259 U+0074
(tʂi¹³_ndɔ⁵⁵)_kɯ⁵⁵ɬɛ⁵⁵	ʈʂ i ¹³ + n d ɔ ⁵⁵ + k ɯ ⁵⁵ ɬ ɛ ⁵⁵	(tʂi¹³ ndɔ⁵⁵) kɯ⁵⁵ɬɛ⁵⁵	QueyuXinlong	1	U+0028 U+0074 U+0282 U+0069 U+00b9 U+00b3 U+0020 U+006e U+0064 U+0254 U+2075 U+2075 U+0029 U+0020 U+006b U+026f U+2075 U+2075 U+026c U+025b U+2075 U+2075
(zu²⁴)_rə³³rə⁵³	z u ²⁴ r ə ³³ r ə ⁵³	(zu²⁴) rə³³rə⁵³	MuyaKangding	1	U+0028 U+007a U+0075 U+00b2 U+2074 U+0029 U+0020 U+0072 U+0259 U+00b3 U+00b3 U+0072 U+0259 U+2075 U+00b3
(ʂ)_ȵʌ⁵⁵pʌ⁵⁵ti³³	ʂ ȵ ʌ ⁵⁵ p ʌ ⁵⁵ t i ³³	(ʂ) ȵʌ⁵⁵pʌ⁵⁵ti³³	Zhaba	1	U+0028 U+0282 U+0029 U+0020 U+0235 U+028c U+2075 U+2075 U+0070 U+028c U+2075 U+2075 U+0074 U+0069 U+00b3 U+00b3
(ʒɿ¹³)_lɛ¹³ji⁵⁵_pʃi⁵⁵	ʒ ɿ ¹³ + l ɛ ¹³ j i ⁵⁵ p ʃ i ⁵⁵	(ʒɿ¹³) lɛ¹³ji⁵⁵ pʃi⁵⁵	QueyuXinlong	1	U+0028 U+0292 U+027f U+00b9 U+00b3 U+0029 U+0020 U+006c U+025b U+00b9 U+00b3 U+006a U+0069 U+2075 U+2075 U+0020 U+0070 U+0283 U+0069 U+2075 U+2075
)	NULL				
,	NULL				
-	+	tɯ-mi, tɤ-rme	Japhug, Bantawa, WobziKhroskyabs, MenyaGao	100	U+002d
1	1	.jijr 1.74	Tangut	1	U+0031
1.74$	NULL	.jijr 1.74	Tangut	1	U+0037 U+0034 U+0024
13	¹³	ŋu13tshe53li31, the13re13	Zlarong	4	U+0031 U+0033
13$	¹³	zi13, mɔ13	Zlarong	57	U+0031 U+0033 U+0024
2	²	1ɦɛ2tɕhə, djɨr 2.77	Tangut, MenyaGao	2	U+0032
2.77$	NULL	djɨr 2.77	Tangut	1	U+0037 U+0037 U+0024
3	3				
31	³¹	mu31su55phe31phi31, ȵi31ŋɡa55	Zlarong	76	U+0033 U+0031
31$	³¹	the53sɨ31, ŋɡu55rɨ31	Zlarong	19	U+0033 U+0031 U+0024
53	⁵³	the53sɨ31, zo53ruŋ31mbo55	Zlarong	9	U+0035 U+0033
53$	⁵³	tshi53, ndzo53	Zlarong	100	U+0035 U+0033 U+0024
55	⁵⁵	ȵi55ȵi55wi13, dʑe55rɨ55ke31	Zlarong	81	U+0035 U+0035
55$	⁵⁵	ȵi31ŋɡa55, æ31wæ55	Zlarong	93	U+0035 U+0035 U+0024
<$	NULL	siz <, stʰɔ <	Tshobdun	5	U+003c U+0024
=	+	ɲə=ɲə, æde=ɲə	Geshiza	3	U+003d
?$	NULL	ⁿgɛʔ ?	Tshobdun	1	U+003f U+0024
@	æ	jamm@y	Bantawa	1	U+0040
G	ɢ	ɴGua³³ɴGua⁵³, tə̱⁵⁵ɴGɐ̱⁵³	MuyaKangding	3	U+0047
N$	ŋ	cʰoN	Bantawa	1	U+004e U+0024
^	NULL	χ^qã̄ɪ	QueyuPubarong	1	U+005e
^.	ʔ				
^1	¹	1ɕipɛ, 1mi	MenyaGao	100	U+005e U+0031
^2	²	2nɛdɛ, 2ndəʐe	MenyaGao	96	U+005e U+0032
^^	NULL				
^a	a	amdzɯ, aɣɯɕɤrɯ	Japhug, Zhaba, OldBurmese, Daofu, NjorogsKhroskyabs, GuanyinqiaoKhroskyabs, BragbarSitu, Zlarong, Bantawa, QueyuXinlong	61	U+005e U+0061
^a̯	a̯/a	a̯tɕil, a̯bu	Geshiza	10	U+005e U+0061 U+032f
^b	b	bərzé, bakʰa	GuanyinqiaoKhroskyabs, Tangut, Geshiza, Bantawa, SiyuewuKhroskyabs, Daofu, WobziKhroskyabs, QueyuPubarong, NjorogsKhroskyabs, QueyuXinlong, Zhaba, MuyaKangding, BragbarSitu	100	U+005e U+0062
^bʐ	b ʐ	bʐī, bʐɪ	QueyuPubarong	2	U+005e U+0062 U+0290
^bʑ	b ʑ	bʑjo, bʑo¹³	QueyuPubarong, QueyuXinlong	3	U+005e U+0062 U+0291
^bʒ	b ʒ	bʒi¹³	QueyuXinlong	1	U+005e U+0062 U+0292
^bʰ	bʱ	bʰepsa, bʰeplo	Bantawa	5	U+005e U+0062 U+02b0
^c	c	cçʰo⁵³, cə̂	Bantawa, GuanyinqiaoKhroskyabs, NjorogsKhroskyabs, OldBurmese, Zhaba, SiyuewuKhroskyabs, WobziKhroskyabs, Japhug, BragbarSitu, KyomkyoSitu, Tshobdun	50	U+005e U+0063
^ch	cʰ	chit, cho₁y	OldBurmese, NgyaltsuZbu, BragbarSitu	8	U+005e U+0063 U+0068
^chw	cʰ w	chwāk	BragbarSitu	1	U+005e U+0063 U+0068 U+0077
^cʰ	cʰ	cʰô, cʰuk-ka	Bantawa, SiyuewuKhroskyabs, WobziKhroskyabs, Japhug, Tshobdun	11	U+005e U+0063 U+02b0
^d	d	dzuu², dzjwo²	Tangut, Zhaba, Bantawa, SiyuewuKhroskyabs, NjorogsKhroskyabs, GuanyinqiaoKhroskyabs, BragbarSitu, QueyuPubarong, Daofu, WobziKhroskyabs, OldBurmese, MuyaKangding, Geshiza, Japhug, Zlarong	81	U+005e U+0064
^dʐ	ɖʐ	dʐo³³wo⁵⁵vzo⁵³, dʐoŋ dʐoŋ	Zhaba, Daofu, GuanyinqiaoKhroskyabs, NjorogsKhroskyabs	5	U+005e U+0064 U+0290
^dʑ	dʑ	dʑe⁵⁵, dʑjwow	Tangut, MuyaKangding, SiyuewuKhroskyabs, Geshiza, GuanyinqiaoKhroskyabs, QueyuPubarong, Zlarong, WobziKhroskyabs, Zhaba, NjorogsKhroskyabs, Daofu, QueyuXinlong	54	U+005e U+0064 U+0291
^dʰ	dʱ	dʰinara, dʰilaŋ	Bantawa	2	U+005e U+0064 U+02b0
^e	e	e55, e³³sram⁵⁵	Zlarong, NjorogsKhroskyabs	4	U+005e U+0065
^f	f	fcə̂, fkə̂	WobziKhroskyabs, SiyuewuKhroskyabs, Daofu, GuanyinqiaoKhroskyabs, NjorogsKhroskyabs, QueyuPubarong	25	U+005e U+0066
^fs	f s	fse, fsé	NjorogsKhroskyabs, GuanyinqiaoKhroskyabs, SiyuewuKhroskyabs, WobziKhroskyabs, Japhug, Tshobdun	23	U+005e U+0066 U+0073
^fɕ	f ɕ	fɕæ̂ʁpɑ, fɕəsʁî	WobziKhroskyabs, SiyuewuKhroskyabs	6	U+005e U+0066 U+0255
^g	g	gɑ́v, gɛ cçhɛ	Daofu, Tangut, Zhaba, Geshiza, QueyuPubarong, WobziKhroskyabs, GuanyinqiaoKhroskyabs, SiyuewuKhroskyabs, MuyaKangding, NjorogsKhroskyabs, OldBurmese, QueyuXinlong, Bantawa	82	U+005e U+0067
^gw	g w	gwjɨr	Tangut	1	U+005e U+0067 U+0077
^gʰ	gʰ	gʰãsa	Bantawa	1	U+005e U+0067 U+02b0
^h	h	hɨwa, hyana	Bantawa, QueyuPubarong, Daofu, OldBurmese	21	U+005e U+0068
^i	i	ina-nam-, io.	OldBurmese, Tangut, Japhug, Bantawa	5	U+005e U+0069
^j	j	je⁵³, jdə̂	WobziKhroskyabs, Zhaba, Tangut, Japhug, BragbarSitu, GuanyinqiaoKhroskyabs, NjorogsKhroskyabs, MuyaKangding, SiyuewuKhroskyabs, Geshiza, QueyuPubarong, Daofu, QueyuXinlong, Bantawa	100	U+005e U+006a
^jʰ	dzʱ				
^k	k	kə jo, kusi	MaerkangrGyalrong, Zhaba, Japhug, Bantawa, Tangut, WobziKhroskyabs, Daofu	100	U+005e U+006b
^kh	kʰ	khɯna, khənɑ	OldBurmese, MuyaKangding, MaerkangrGyalrong, BragbarSitu, KyomkyoSitu, Tangut, Zhaba, Japhug, Zlarong, NgyaltsuZbu, QueyuXinlong, Daofu	83	U+005e U+006b U+0068
^khs	kʰ s	khsər po	MaerkangrGyalrong	1	U+005e U+006b U+0068 U+0073
^khw	kʰ w	khwej, khwî	Tangut, NgyaltsuZbu	4	U+005e U+006b U+0068 U+0077
^kw	kʷ	kwə, kwjɨɨr	Tangut, QueyuPubarong, NgyaltsuZbu	6	U+005e U+006b U+0077
^kʰ	kʰ	kʰo, kʰɑvɑ̂	Bantawa, Tshobdun, QueyuPubarong, GuanyinqiaoKhroskyabs, NjorogsKhroskyabs, WobziKhroskyabs, SiyuewuKhroskyabs, Geshiza, Japhug	42	U+005e U+006b U+02b0
^kʰw	kʰ w	kʰwa, kʰwi	QueyuPubarong	2	U+005e U+006b U+02b0 U+0077
^l	l	low², liyḥ	Tangut, Daofu, WobziKhroskyabs, OldBurmese, Bantawa, Zhaba, MuyaKangding, Japhug, MaerkangrGyalrong	100	U+005e U+006c
^lh	ɬ	lhə² lhie², lhjwa	Tangut, OldBurmese	15	U+005e U+006c U+0068
^lw	l w	lwu, lweʔ	Tangut, Tshobdun	4	U+005e U+006c U+0077
^m	m	mji¹, mjaa	Tangut, Japhug, Bantawa, Daofu	100	U+005e U+006d
^mh	m̥	mhuyḥ, mho₂ṅ	OldBurmese	3	U+005e U+006d U+0068
^m̥	m̥	m̥ū, m̥ə	QueyuPubarong, QueyuXinlong	5	U+005e U+006d U+0325
^n	n	nɯɣmbɤβ, ngə	Japhug, Tangut, Daofu, Bantawa, WobziKhroskyabs	100	U+005e U+006e
^nh	nh/n̥	nhaṅḥ, nhut	OldBurmese	11	U+005e U+006e U+0068
^ns	n s	nsprɑɣvɑ́ɣ, nslɑ́v	GuanyinqiaoKhroskyabs, WobziKhroskyabs, SiyuewuKhroskyabs	8	U+005e U+006e U+0073
^nw	n w	nwatɕə, nwə¹	Tangut, Geshiza	2	U+005e U+006e U+0077
^nɕ	n ɕ	nɕi⁵³	GuanyinqiaoKhroskyabs	1	U+005e U+006e U+0255
^nʑ	n ʑ	nʑa, nʑəu	Geshiza	2	U+005e U+006e U+0291
^n̥	n̥	n̥ɛ¹³, n̥ɯ⁵⁵n̥ɯ³³	QueyuPubarong, QueyuXinlong, Zhaba	8	U+005e U+006e U+0325
^o	o	.o¹, okrū	BragbarSitu, Bantawa, Tshobdun, Zhaba, Tangut, NjorogsKhroskyabs	15	U+005e U+006f
^p	p	pyoʔ, pɑ tsɑ	OldBurmese, Zhaba, QueyuPubarong, QueyuXinlong, Daofu, Tangut, MaerkangrGyalrong, Bantawa, WobziKhroskyabs, Japhug, MuyaKangding, SiyuewuKhroskyabs	100	U+005e U+0070
^ph	pʰ	phaʁ, phɛ	OldBurmese, Tangut, Daofu, Zlarong, Zhaba, Japhug, BragbarSitu, QueyuXinlong, NgyaltsuZbu, MuyaKangding, KyomkyoSitu, MaerkangrGyalrong	37	U+005e U+0070 U+0068
^ps	p s	psɔ⁵⁵, pse¹³	QueyuXinlong	3	U+005e U+0070 U+0073
^pɕ	p ɕ	pɕiz, pɕa¹³dʐo⁵⁵	QueyuXinlong, Japhug, BragbarSitu	7	U+005e U+0070 U+0255
^pʃ	p ʃ	pʃəu jo, pʃɛ¹³	QueyuXinlong, MaerkangrGyalrong	2	U+005e U+0070 U+0283
^pʰ	pʰ	pʰɑ̂ɣ, pʰi	NjorogsKhroskyabs, GuanyinqiaoKhroskyabs, WobziKhroskyabs, Geshiza, Tshobdun, SiyuewuKhroskyabs, QueyuPubarong, Japhug	34	U+005e U+0070 U+02b0
^q	q	qa⁵⁵stsue⁵⁵, qajɯ	QueyuXinlong, Japhug, Tshobdun, NgyaltsuZbu, MuyaKangding, QueyuPubarong, Geshiza, SiyuewuKhroskyabs, Daofu, GuanyinqiaoKhroskyabs, NjorogsKhroskyabs	86	U+005e U+0071
^qh	qʰ	qho⁵⁵, qhə̱⁵⁵tʂhuə⁵⁵nɑ³³	MuyaKangding, QueyuXinlong, Daofu	10	U+005e U+0071 U+0068
^qʰ	qʰ	qʰrɑ́, qʰȭ	QueyuPubarong, Tshobdun, WobziKhroskyabs, Geshiza, SiyuewuKhroskyabs, GuanyinqiaoKhroskyabs, NjorogsKhroskyabs	22	U+005e U+0071 U+02b0
^r	r	rpʰə́m, rŋgɯ	WobziKhroskyabs, Daofu, Japhug, Tangut, Bantawa	100	U+005e U+0072
^rh	r̥	rhak, rhyat	OldBurmese	5	U+005e U+0072 U+0068
^rw	r w	rwoʁrwóʁʔ, rwi	NgyaltsuZbu, Tshobdun	2	U+005e U+0072 U+0077
^rɕ	r ɕ	rɕi⁵³, rɕə̂	WobziKhroskyabs, NjorogsKhroskyabs	2	U+005e U+0072 U+0255
^rʑ	r ʑ	rʑə̂, rʑə⁵³	WobziKhroskyabs, GuanyinqiaoKhroskyabs, SiyuewuKhroskyabs, Japhug, NjorogsKhroskyabs	5	U+005e U+0072 U+0291
^rⁿg	r ⁿg	rⁿgu	Tshobdun	1	U+005e U+0072 U+207f
^s	s	si, sɨŋ	Japhug, Tangut, Bantawa, Daofu, WobziKhroskyabs	100	U+005e U+0073
^sh	sʰ	shɛ¹³, shɛ³³pu⁵⁵	Zhaba, Daofu	14	U+005e U+0073 U+0068
^sw	s w	swɐ̂j, swej	BragbarSitu, KyomkyoSitu	2	U+005e U+0073 U+0077
^sʰ	sʰ	sʰi, sʰe	Geshiza, QueyuPubarong	17	U+005e U+0073 U+02b0
^t	t	tɯrme, tɯ-mi	Japhug, Bantawa, Tangut, Daofu	100	U+005e U+0074
^th	tʰ	thə, thu55re55	MuyaKangding, Zlarong, Tangut, OldBurmese, Zhaba, QueyuXinlong, Daofu, NgyaltsuZbu, BragbarSitu, KyomkyoSitu, Japhug, MaerkangrGyalrong	62	U+005e U+0074 U+0068
^thw	tʰ w	thwər¹	Tangut	1	U+005e U+0074 U+0068 U+0077
^ts	ts	tsjij, tsɛ¹³	Tangut, Zlarong, BragbarSitu, MuyaKangding, QueyuXinlong, QueyuPubarong, NgyaltsuZbu, GuanyinqiaoKhroskyabs, Zhaba, Japhug, MaerkangrGyalrong, SiyuewuKhroskyabs, WobziKhroskyabs, KyomkyoSitu, Tshobdun	53	U+005e U+0074 U+0073
^tsh	tsʰ	tshi53, tshjɨ	MuyaKangding, Zlarong, Zhaba, Tangut, QueyuXinlong, Daofu, BragbarSitu, KyomkyoSitu, MaerkangrGyalrong, Japhug	40	U+005e U+0074 U+0073 U+0068
^tsʰ	tsʰ	tsʰé, tsʰə̂	SiyuewuKhroskyabs, WobziKhroskyabs, GuanyinqiaoKhroskyabs, NjorogsKhroskyabs, Geshiza, QueyuPubarong, Japhug	37	U+005e U+0074 U+0073 U+02b0
^tw	t w	twu.	Tangut	1	U+005e U+0074 U+0077
^tɕ	tɕ	tɕɣaʁ, tɕale	MuyaKangding, Zlarong, Japhug, Tangut, BragbarSitu, QueyuPubarong, Geshiza, NgyaltsuZbu, Zhaba, QueyuXinlong, SiyuewuKhroskyabs, Daofu	44	U+005e U+0074 U+0255
^tɕh	tɕʰ	tɕheme, tɕhi13	Tangut, Zlarong, QueyuXinlong, Japhug, Zhaba, MuyaKangding, BragbarSitu	34	U+005e U+0074 U+0255 U+0068
^tɕʰ	tɕʰ	tɕʰî, tɕʰop⁵⁵	QueyuPubarong, WobziKhroskyabs, Geshiza, GuanyinqiaoKhroskyabs, SiyuewuKhroskyabs, NjorogsKhroskyabs, Japhug, Tangut	27	U+005e U+0074 U+0255 U+02b0
^tʂ	ʈʂ	tʂɨtɕō, tʂī	Zhaba, QueyuPubarong, Zlarong, MuyaKangding, BragbarSitu, Japhug, QueyuXinlong, NjorogsKhroskyabs, MaerkangrGyalrong	34	U+005e U+0074 U+0282
^tʂh	ʈʂʰ	tʂhə̱⁵⁵mbɐ⁵³, tʂhe⁵³	MuyaKangding, Zhaba, Zlarong, QueyuXinlong	11	U+005e U+0074 U+0282 U+0068
^tʂw	ʈʂ w	tʂwəqāɻa	QueyuPubarong	1	U+005e U+0074 U+0282 U+0077
^tʂʰ	ʈʂʰ	tʂʰə̄ptʂʰə, tʂʰʊ́ŋ lǽ	WobziKhroskyabs, QueyuPubarong	3	U+005e U+0074 U+0282 U+02b0
^tʃ	tʃ	tʃəʔ, tʃe	QueyuXinlong, Tshobdun, KyomkyoSitu, MaerkangrGyalrong	9	U+005e U+0074 U+0283
^tʃh	tʃʰ	tʃhət, tʃhə ri	MaerkangrGyalrong, QueyuXinlong, KyomkyoSitu	5	U+005e U+0074 U+0283 U+0068
^tʃʰ	tʃʰ	tʃʰə́tekɐso=, tʃʰɐ́mɐj	Tshobdun	4	U+005e U+0074 U+0283 U+02b0
^tʰ	tʰ	tʰê, tʰɑ	QueyuPubarong, SiyuewuKhroskyabs, GuanyinqiaoKhroskyabs, WobziKhroskyabs, Japhug, Tshobdun, NjorogsKhroskyabs, Geshiza, Bantawa	43	U+005e U+0074 U+02b0
^u	u	u-ktə̂, u-ɕnê	BragbarSitu	6	U+005e U+0075
^u$	u	u	Tangut, OldBurmese	3	U+005e U+0075 U+0024
^v	v	vɟú, vdzi	Geshiza, WobziKhroskyabs, GuanyinqiaoKhroskyabs, SiyuewuKhroskyabs, Zhaba, OldBurmese, BragbarSitu, Daofu, QueyuPubarong, MuyaKangding, QueyuXinlong	100	U+005e U+0076
^vw	v w	vwa	QueyuPubarong	1	U+005e U+0076 U+0077
^vɕʰ	v ɕʰ	vɕʰə	Geshiza	1	U+005e U+0076 U+0255 U+02b0
^vʑ	v ʑ	vʑo⁵⁵, vʑe⁵³	Zhaba, GuanyinqiaoKhroskyabs, Geshiza, NjorogsKhroskyabs	9	U+005e U+0076 U+0291
^vʒ	v ʒ	vʒəɣ	Tshobdun	1	U+005e U+0076 U+0292
^w	w	wə, wmərja	Geshiza, Tangut, Zlarong, MaerkangrGyalrong, KyomkyoSitu, Tshobdun, Bantawa, MuyaKangding, NjorogsKhroskyabs, Japhug, OldBurmese, Zhaba, QueyuPubarong	85	U+005e U+0077
^wsʰ	w sʰ	wsʰu, wsʰə	Geshiza	2	U+005e U+0077 U+0073 U+02b0
^wɕ	w ɕ	wɕəu	Geshiza	1	U+005e U+0077 U+0255
^wʑ	w ʑ	wʑa, wʑæ	Geshiza	3	U+005e U+0077 U+0291
^x	x	xo go, xtɕi	QueyuPubarong, Zlarong, Daofu, Japhug, GuanyinqiaoKhroskyabs, QueyuXinlong, SiyuewuKhroskyabs, Tshobdun, NjorogsKhroskyabs, MuyaKangding, Zhaba	52	U+005e U+0078
^xs	x s	xsu, xsre⁵³	GuanyinqiaoKhroskyabs, SiyuewuKhroskyabs, Daofu, Tshobdun, QueyuXinlong, NjorogsKhroskyabs, Geshiza	22	U+005e U+0078 U+0073
^xsʰw	x sʰ w	xsʰwē	QueyuPubarong	1	U+005e U+0078 U+0073 U+02b0 U+0077
^xw	x w	xwa²	Tangut	1	U+005e U+0078 U+0077
^xɕ	x ɕ	xɕiʔt⁵⁵, xɕɛr	Daofu, Japhug, NjorogsKhroskyabs	3	U+005e U+0078 U+0255
^xʃ	x ʃ	xʃi⁵⁵rme⁵⁵	QueyuXinlong	1	U+005e U+0078 U+0283
^y	y	yaŋwama, yā	Bantawa, OldBurmese	8	U+005e U+0079
^z	z	zî, zdə̂m	GuanyinqiaoKhroskyabs, SiyuewuKhroskyabs, Tangut, Daofu, Geshiza, QueyuPubarong, WobziKhroskyabs, Japhug, QueyuXinlong, Zhaba, BragbarSitu, MuyaKangding, MaerkangrGyalrong, NjorogsKhroskyabs	100	U+005e U+007a
^zh	ʐ ʅ	zh⁵³zə³³	MuyaKangding	1	U+005e U+007a U+0068
^|æ	æ	|æ-rgé|	WobziKhroskyabs	2	U+005e U+007c U+00e6
^ã	ã	ã55na31	Zlarong	1	U+005e U+00e3
^æ	æ	ætə̂, æ31wæ55	WobziKhroskyabs, QueyuPubarong, Geshiza, SiyuewuKhroskyabs, Zlarong, MuyaKangding	19	U+005e U+00e6
^æ̂	æ̂/æ	æ̂pɑ, æ̂mæ	WobziKhroskyabs, SiyuewuKhroskyabs	3	U+005e U+00e6 U+0302
^ç	ç	çtə̂, çó	WobziKhroskyabs, SiyuewuKhroskyabs	2	U+005e U+00e7
^çs	ç s	çsə̂m, çsə̂r	WobziKhroskyabs	4	U+005e U+00e7 U+0073
^ññ	ññ/ȵ	ññac◦pat, ññaññḥ	OldBurmese	4	U+005e U+00f1 U+00f1
^ŋ	ŋ	ŋa, ŋə̂m	Geshiza, GuanyinqiaoKhroskyabs, Zhaba, SiyuewuKhroskyabs, MuyaKangding, BragbarSitu, WobziKhroskyabs, QueyuXinlong, Tangut, Daofu, Tshobdun, Japhug, NjorogsKhroskyabs, QueyuPubarong, MaerkangrGyalrong, Bantawa	100	U+005e U+014b
^ŋw	ŋ w	ŋwaʐo, ŋwer²	Tangut, QueyuPubarong	5	U+005e U+014b U+0077
^ŋ̊	ŋ̊	ŋ̊ua⁵⁵	QueyuXinlong	1	U+005e U+014b U+030a
^ȵ	ȵ	ȵi31ŋɡa55, ȵi⁵⁵	Zlarong, Zhaba, MuyaKangding, QueyuXinlong, Daofu, MaerkangrGyalrong	44	U+005e U+0235
^ȵ̥	ȵ̊	ȵ̥ʌ³³ʐa⁵⁵, ȵ̥e⁵⁵ȵ̥e³³	QueyuXinlong, Zhaba	2	U+005e U+0235 U+0325
^ɐ	ɐ	ɐkhóʔ, ɐ⁵³ tsə³³	NgyaltsuZbu, Tshobdun, MuyaKangding	20	U+005e U+0250
^ɐ́	ɐ́	ɐ́rqə	NgyaltsuZbu	1	U+005e U+0250 U+0301
^ɑ	ɑ	ɑ-mɑ̂, ɑ¹³tshɿ³³	NgyaltsuZbu, Zhaba	2	U+005e U+0251
^ɑ̂	ɑ̂/ɑ	ɑ̂vɑ	SiyuewuKhroskyabs	1	U+005e U+0251 U+0302
^ɕ	ɕ	ɕə̂, ɕɣe⁵⁵ze³³	BragbarSitu, GuanyinqiaoKhroskyabs, QueyuXinlong, Tangut, NjorogsKhroskyabs, QueyuPubarong, SiyuewuKhroskyabs, Japhug, WobziKhroskyabs, Daofu, Zhaba, MuyaKangding, Geshiza	100	U+005e U+0255
^ɕh	ɕʰ	ɕha ren, ɕhõ tho	Daofu, Zhaba	6	U+005e U+0255 U+0068
^ɕw	ɕ w	ɕwór	NgyaltsuZbu	1	U+005e U+0255 U+0077
^ɕʰ	ɕʰ	ɕʰjopɕī, ɕʰō	QueyuPubarong, Geshiza	8	U+005e U+0255 U+02b0
^ə	ə	ə⁵⁵tə³³, ə³³vi⁵³	GuanyinqiaoKhroskyabs, NjorogsKhroskyabs, Zhaba, Daofu	24	U+005e U+0259
^ə́	ə́/ə	ə́jʔ	NgyaltsuZbu	1	U+005e U+0259 U+0301
^ə̄	ə̄/ə	ə̄ntsʰɨ	QueyuPubarong	1	U+005e U+0259 U+0304
^ɛ	ɛ	ɛ de qhɛ	Daofu	1	U+005e U+025b
^ɟ	ɟ	ɟje³³lɛ⁵⁵, ɟu	Zhaba, KyomkyoSitu, BragbarSitu, MaerkangrGyalrong, SiyuewuKhroskyabs, Daofu, Japhug	16	U+005e U+025f
^ɡ	g	ɡæ31ŋɡɔ55	Zlarong	1	U+005e U+0261
^ɣ	ɣ	ɣrə, ɣbjam⁵⁵	Daofu, SiyuewuKhroskyabs, Japhug, NjorogsKhroskyabs, GuanyinqiaoKhroskyabs, QueyuXinlong, Tangut, MuyaKangding, Zlarong, Geshiza, Tshobdun, NgyaltsuZbu, QueyuPubarong	89	U+005e U+0263
^ɣw	ɣ w	ɣwej, ɣwaɪɕo	Tangut, QueyuPubarong	2	U+005e U+0263 U+0077
^ɣⁿ	ɣ ⁿdʒ	ɣⁿdʒov	Tshobdun	1	U+005e U+0263 U+207f
^ɤ	ɤ	ɤi⁵³, ɤɮə	Daofu, MuyaKangding	2	U+005e U+0264
^ɦ	ɦ	ɦæ²⁴ nə³³, ɦo³³lo⁵⁵	MuyaKangding, Zhaba	9	U+005e U+0266
^ɨ	ɨ	ɨkiwaŋ, ɨdʰiwaŋ	Bantawa	7	U+005e U+0268
^ɬ	ɬ	ɬi55ma31, ɬtɕæʁmtɕʰəmɑ̂	QueyuXinlong, QueyuPubarong, Daofu, Zhaba, SiyuewuKhroskyabs, Zlarong	13	U+005e U+026c
^ɬh	ɬʰ	ɬha si	Daofu	1	U+005e U+026c U+0068
^ɮ	ɮ	ɮə, ɮɛ	Daofu	4	U+005e U+026e
^ɯ	ɯ	ɯ-ʁɤri, ɯ-taʁ	Japhug	11	U+005e U+026f
^ɲ	ɲ	ɲadí, ɲæʁdí	SiyuewuKhroskyabs, WobziKhroskyabs, QueyuPubarong, GuanyinqiaoKhroskyabs, Geshiza, NjorogsKhroskyabs, NgyaltsuZbu, Japhug, Tshobdun, KyomkyoSitu	41	U+005e U+0272
^ɲ̥	ɲ̊	ɲ̥īn̥i	QueyuPubarong	1	U+005e U+0272 U+0325
^ɴ	ɴ	ɴqʰi, ɴgrig	MuyaKangding, Geshiza, Japhug, WobziKhroskyabs, Tangut, SiyuewuKhroskyabs, Daofu	12	U+005e U+0274
^ɹ	ɹ	ɹɨ̌, ɹɨkoʐɨ	QueyuPubarong	3	U+005e U+0279
^ɻ	ɻ	ɻɨ̌	QueyuPubarong	1	U+005e U+027b
^ʁ	ʁ	ʁɴjí, ʁû	GuanyinqiaoKhroskyabs, SiyuewuKhroskyabs, WobziKhroskyabs, Daofu, NjorogsKhroskyabs, MuyaKangding, Japhug, QueyuXinlong, QueyuPubarong	100	U+005e U+0281
^ʁʒ	ʁ ʒ	ʁʒonu	Tshobdun	2	U+005e U+0281 U+0292
^ʂ	ʂ	ʂtse, ʂɪ⁵⁵ʂɪ⁵⁵	Zhaba, Daofu, QueyuXinlong, MuyaKangding	37	U+005e U+0282
^ʂs	ʂ s	ʂsɛ⁵⁵, ʂsəm	QueyuXinlong, Daofu	3	U+005e U+0282 U+0073
^ʃ	ʃ	ʃu, ʃᴇ	MaerkangrGyalrong, KyomkyoSitu, Tshobdun, QueyuXinlong, Zhaba	32	U+005e U+0283
^ʌ	ʌ	ʌ³³ʐa⁵⁵ʐa³³, ʌ³³ vʐe⁵⁵	Zhaba	7	U+005e U+028c
^ʐ	ʐ	ʐalǎ, ʐū	QueyuPubarong, Zhaba	13	U+005e U+0290
^ʑ	ʑ	ʑe¹³, ʑara	QueyuXinlong, QueyuPubarong, Geshiza, Japhug, MuyaKangding, Tangut, GuanyinqiaoKhroskyabs, BragbarSitu	28	U+005e U+0291
^ʒ	ʒ	ʒi¹³, ʒəvʔ	QueyuXinlong, Tshobdun	3	U+005e U+0292
^ʔ	ʔ	ʔuiw, ʔa◦kun	OldBurmese	17	U+005e U+0294
^ʰpʰ	ʰpʰ	ʰpʰī	QueyuPubarong	1	U+005e U+02b0 U+0070 U+02b0
^ʰŋ	ʰŋ	ʰŋə̄dō	QueyuPubarong	1	U+005e U+02b0 U+014b
^ˈm	m	ˈmatə, ˈma-tɕɐ	BragbarSitu	2	U+005e U+02c8 U+006d
^ˈt	t	ˈtə-tɕɐ	BragbarSitu	1	U+005e U+02c8 U+0074
^ˈth	tʰ	ˈthə-ksən	BragbarSitu	1	U+005e U+02c8 U+0074 U+0068
^ˣk	x k	ˣkū, ˣki	QueyuPubarong	2	U+005e U+02e3 U+006b
^ˣkʰ	x kʰ	ˣkʰɯ̄	QueyuPubarong	1	U+005e U+02e3 U+006b U+02b0
^ˣl̥	x ɬ	ˣl̥əᵐnə, ˣl̥ī	QueyuPubarong	2	U+005e U+02e3 U+006c U+0325
^ˣn̥	x n̥	ˣn̥əˣn̥o, ˣn̥əʐo	QueyuPubarong	2	U+005e U+02e3 U+006e U+0325
^ˣpʰ	x pʰ	ˣpʰə̄	QueyuPubarong	1	U+005e U+02e3 U+0070 U+02b0
^ˣqʰ	x qʰ	ˣqʰə̂	QueyuPubarong	1	U+005e U+02e3 U+0071 U+02b0
^ˣs	x s	ˣsɨ, ˣsǒ	QueyuPubarong	2	U+005e U+02e3 U+0073
^ˣsʰ	x sʰ	ˣsʰɨ	QueyuPubarong	1	U+005e U+02e3 U+0073 U+02b0
^ˣt	x t	ˣtēɪʐə̄mu, ˣtapu	QueyuPubarong	5	U+005e U+02e3 U+0074
^ˣtsʰ	x tsʰ	ˣtsʰopɤ	QueyuPubarong	1	U+005e U+02e3 U+0074 U+0073 U+02b0
^ˣtɕ	x tɕ	ˣtɕûkʰu, ˣtɕæⁿdzə	QueyuPubarong	2	U+005e U+02e3 U+0074 U+0255
^ˣtɕʰ	x tɕʰ	ˣtɕʰɯ̄	QueyuPubarong	1	U+005e U+02e3 U+0074 U+0255 U+02b0
^ˣtʂʰ	x tʂʰ	ˣtʂʰɨ̂ʐo	QueyuPubarong	1	U+005e U+02e3 U+0074 U+0282 U+02b0
^́v	v	́vi	NgyaltsuZbu	1	U+005e U+0301 U+0076
^̍n	n	nɟeɲō	BragbarSitu	1	U+005e U+030d U+006e
^β	β	βraʁ, βɐ²⁴	MuyaKangding, Japhug	11	U+005e U+03b2
^βʑ	β ʑ	βʑê, βʑɯ	Japhug, BragbarSitu	2	U+005e U+03b2 U+0291
^χ	χ	χtsʰru⁵⁵, χcə̂l	WobziKhroskyabs, SiyuewuKhroskyabs, GuanyinqiaoKhroskyabs, Tshobdun, Japhug, NjorogsKhroskyabs, QueyuPubarong, NgyaltsuZbu, MuyaKangding, BragbarSitu, QueyuXinlong	54	U+005e U+03c7
^χs	χ s	χsómʔ, χsɯm	Tshobdun, Japhug, NjorogsKhroskyabs, NgyaltsuZbu, SiyuewuKhroskyabs	9	U+005e U+03c7 U+0073
^χw	χ w	χwā	QueyuPubarong	1	U+005e U+03c7 U+0077
^χɕ	χ ɕ	χɕi⁵³, χɕí	NjorogsKhroskyabs, WobziKhroskyabs, SiyuewuKhroskyabs, GuanyinqiaoKhroskyabs	5	U+005e U+03c7 U+0255
^χʃ	χ ʃ	χʃí	Tshobdun	1	U+005e U+03c7 U+0283
^ᵍɹ	g ɹ	ᵍɹə̂	QueyuPubarong	1	U+005e U+1d4d U+0279
^ᵏɕ	k ɕ	ᵏɕā	QueyuPubarong	1	U+005e U+1d4f U+0255
^ᵐpʰ	m pʰ	ᵐpʰi	QueyuPubarong	1	U+005e U+1d50 U+0070 U+02b0
^ᵐɲ	m ɲ	ᵐɲē	QueyuPubarong	1	U+005e U+1d50 U+0272
^ᵑgw	ⁿg w	ᵑgwə	QueyuPubarong	1	U+005e U+1d51 U+0067 U+0077
^ᵖs	p s	ᵖsɨ	QueyuPubarong	2	U+005e U+1d56 U+0073
^ᵖtʂʰ	p ʈʂʰ	ᵖtʂʰōᵖtʂō	QueyuPubarong	1	U+005e U+1d56 U+0074 U+0282 U+02b0
^ᵖɕ	p ɕ	ᵖɕǐ, ᵖɕə̄	QueyuPubarong	4	U+005e U+1d56 U+0255
^ṅ	ŋ	ṅay, ṅāḥ	OldBurmese	7	U+005e U+1e45
^ṅh	ŋʱ	ṅhak	OldBurmese	1	U+005e U+1e45 U+0068
^ọ$	o̙/o	.ọ	Tangut	1	U+005e U+1ecd U+0024
^’	NULL	’pa, ’tsʰet	Tshobdun	2	U+005e U+2019
^ⁿb	ⁿb	ⁿbrə́tʃu, ⁿbrɑ̂	Tshobdun, NgyaltsuZbu	11	U+005e U+207f U+0062
^ⁿd	ⁿd	ⁿdze, ⁿdaᵐbā	Tshobdun, QueyuPubarong	5	U+005e U+207f U+0064
^ⁿdʑ	ⁿdʑ	ⁿdʑəríʔ, ⁿdʑō	NgyaltsuZbu, QueyuPubarong	3	U+005e U+207f U+0064 U+0291
^ⁿdʒ	ⁿdʒ	ⁿdʒi	Tshobdun	1	U+005e U+207f U+0064 U+0292
^ⁿg	ⁿg	ⁿgɐréʔ, ⁿgɛʔ ?	Tshobdun, NgyaltsuZbu	3	U+005e U+207f U+0067
^ⁿɟw	ⁿɟ w	ⁿɟwɛʔ	Tshobdun	1	U+005e U+207f U+025f U+0077
^ⁿɡ	ⁿg	ⁿɡəréʔ	NgyaltsuZbu	1	U+005e U+207f U+0261
_	_	gə ro ɣə ro, ɛ de qhɛ	Daofu, Bantawa	100	U+005f
_|	+	pə |rjɐ, kho |rok	MaerkangrGyalrong	2	U+005f U+007c
_̍	NULL	ta-kap ̍tʂhutʂhu	BragbarSitu	1	U+005f U+030d
a	a	yaŋwama, bakʰa	Bantawa, Daofu	100	U+0061
a$	a	bakʰa, cʰuk-ka	Bantawa, Daofu	100	U+0061 U+0024
a.	a̙				
aa	aː	gaa², njaa¹	Tangut	4	U+0061 U+0061
aa$	aː	mjaa, tɕhjaa	Tangut	7	U+0061 U+0061 U+0024
anma_(alu)	a n m a	anma (alu)	Bantawa	1	U+0061 U+006e U+006d U+0061 U+0020 U+0028 U+0061 U+006c U+0075 U+0029
a̠	a̙	2na̠qha̠, 1ʐa̠ta̠mba̠	MenyaGao	20	U+0061 U+0320
a̠$	a̙	2na̠qha̠, 2ɴʌ̠phəla̠	MenyaGao	27	U+0061 U+0320 U+0024
b	b	mbro, mbrɯtɕɯ	Japhug, MenyaGao, MuyaKangding, Daofu, WobziKhroskyabs, MaerkangrGyalrong, QueyuXinlong, Bantawa, Zhaba	100	U+0062
banma	b a n m a	banma (bana)	Bantawa	2	U+0062 U+0061 U+006e U+006d U+0061 U+0020 U+0028 U+0062 U+0061 U+006e U+0061 U+0029
bʐ	b ʐ	mbʐo¹³, mbʐe¹³	Zhaba	2	U+0062 U+0290
bʑ	b ʑ	ɕe⁵⁵bʑi³³	QueyuXinlong	1	U+0062 U+0291
bʒ	b ʒ	khɐ bʒə kɑ pɑ	MaerkangrGyalrong	1	U+0062 U+0292
c	c	xcçʰə³³fcçʰə⁵³, təcíʔ	GuanyinqiaoKhroskyabs, Daofu, KyomkyoSitu, NgyaltsuZbu, NjorogsKhroskyabs, Japhug, OldBurmese, WobziKhroskyabs, SiyuewuKhroskyabs, Tshobdun, Bantawa, MaerkangrGyalrong, Zhaba, BragbarSitu	100	U+0063
c$	c	pac, sac	OldBurmese	11	U+0063 U+0024
ch	cʰ	kacha, ʔa◦chut	OldBurmese, NgyaltsuZbu, KyomkyoSitu, Japhug, BragbarSitu	15	U+0063 U+0068
chw	cʰ w	təɲchwéʔ	NgyaltsuZbu	1	U+0063 U+0068 U+0077
cw	c w	qɐcwíʔ	NgyaltsuZbu	1	U+0063 U+0077
cʰ	cʰ	scʰicʰî, rcʰê	Bantawa, WobziKhroskyabs, SiyuewuKhroskyabs, Tshobdun, Japhug	25	U+0063 U+02b0
cʰakma_(cʰakta)	cʰ a k m a	cʰakma (cʰakta)	Bantawa	1	U+0063 U+02b0 U+0061 U+006b U+006d U+0061 U+0020 U+0028 U+0063 U+02b0 U+0061 U+006b U+0074 U+0061 U+0029
cʰopma_(cʰoa)	cʰ o p m a	cʰopma (cʰoa)	Bantawa	1	U+0063 U+02b0 U+006f U+0070 U+006d U+0061 U+0020 U+0028 U+0063 U+02b0 U+006f U+0061 U+0029
cʰw	cʰ w	qɐ́cʰwet, təncʰwe	Tshobdun	2	U+0063 U+02b0 U+0077
d	d	ɲadí, jdə̂	WobziKhroskyabs, Japhug, MuyaKangding, Daofu, Zhaba, MaerkangrGyalrong, Bantawa, Tangut	100	U+0064
d$	d	lmə̂d, tsʰîd	SiyuewuKhroskyabs, WobziKhroskyabs	36	U+0064 U+0024
duŋma_(duŋu)	d u ŋ m a	duŋma (duŋu)	Bantawa	1	U+0064 U+0075 U+014b U+006d U+0061 U+0020 U+0028 U+0064 U+0075 U+014b U+0075 U+0029
dɨma_(dɨsu)	d ɨ m a	dɨma (dɨsu)	Bantawa	1	U+0064 U+0268 U+006d U+0061 U+0020 U+0028 U+0064 U+0268 U+0073 U+0075 U+0029
dʐ	ɖʐ	ndʐɿ⁵⁵, ndʐo⁵⁵ndʐo⁵⁵	Zlarong, Zhaba, MuyaKangding, Japhug, MenyaGao, Daofu, BragbarSitu, QueyuXinlong, QueyuPubarong, MaerkangrGyalrong, SiyuewuKhroskyabs, Tshobdun	38	U+0064 U+0290
dʑ	dʑ	nɐ³³ndʑu⁵⁵ndʑə³³, ndʑaʁ	MenyaGao, MuyaKangding, Daofu, QueyuXinlong, Geshiza, WobziKhroskyabs, Japhug, GuanyinqiaoKhroskyabs, SiyuewuKhroskyabs, Zhaba, QueyuPubarong, BragbarSitu, NjorogsKhroskyabs, Tangut	100	U+0064 U+0291
dʒ	dʒ	kə ndʒɐm, ndʒə ru	MaerkangrGyalrong, Tshobdun, QueyuXinlong, KyomkyoSitu	10	U+0064 U+0292
dʰ	dʰ	ɨdʰiwaŋ	Bantawa	1	U+0064 U+02b0
dʰokma_(dʰoktu)	dʰ o k m a	dʰokma (dʰoktu)	Bantawa	1	U+0064 U+02b0 U+006f U+006b U+006d U+0061 U+0020 U+0028 U+0064 U+02b0 U+006f U+006b U+0074 U+0075 U+0029
e	e	tɕheme, the⁵⁵vʐe⁵⁵vʐe³³	Zhaba, Tangut, Bantawa, Daofu, Japhug, WobziKhroskyabs	100	U+0065
e$	e	tɕheme, tɯrme	Japhug, Daofu, MenyaGao, Tangut, QueyuPubarong, WobziKhroskyabs, Bantawa	100	U+0065 U+0024
e.	e̙				
ee$	eː	giee	Tangut	1	U+0065 U+0065 U+0024
enma_(enu)	e n m a	enma (enu)	Bantawa	1	U+0065 U+006e U+006d U+0061 U+0020 U+0028 U+0065 U+006e U+0075 U+0029
epma_(ewa)	e p m a	epma (ewa)	Bantawa	1	U+0065 U+0070 U+006d U+0061 U+0020 U+0028 U+0065 U+0077 U+0061 U+0029
e̱	e̙/e	le̱³³nə̱⁵³	MuyaKangding	1	U+0065 U+0331
eⁿg	e ⁿg	reⁿgo	Tshobdun	1	U+0065 U+207f
f	f	xcçʰə³³fcçʰə⁵³, tʰɤfkɤlɤɣi	GuanyinqiaoKhroskyabs, QueyuPubarong, KyomkyoSitu, Daofu, Japhug	5	U+0066
fs	f s	kɐ-fséʔ, ŋgɛ⁵⁵fsə³³	NgyaltsuZbu, SiyuewuKhroskyabs, NjorogsKhroskyabs, WobziKhroskyabs, GuanyinqiaoKhroskyabs, Tshobdun	10	U+0066 U+0073
fɕ	f ɕ	jɯfɕɯr, ɕi⁵⁵fɕi⁵⁵	NgyaltsuZbu, Japhug, NjorogsKhroskyabs, Zhaba	4	U+0066 U+0255
g	g	snə̂go, xo go	Japhug, Daofu, WobziKhroskyabs, SiyuewuKhroskyabs, BragbarSitu, MuyaKangding, QueyuXinlong, MaerkangrGyalrong, QueyuPubarong, Zhaba, Geshiza, Tangut, MenyaGao, Bantawa	100	U+0067
g$	g	ɴgrig, masɨng	Tangut, Bantawa	2	U+0067 U+0024
gw	g w	ŋgwə	QueyuPubarong	1	U+0067 U+0077
gʰ	gʰ	yagʰaŋma	Bantawa	1	U+0067 U+02b0
h	h	tahem kava, satʃ he	KyomkyoSitu, Bantawa, MaerkangrGyalrong	6	U+0068
hakma_(hakta)	h a k m a	hakma (hakta)	Bantawa	1	U+0068 U+0061 U+006b U+006d U+0061 U+0020 U+0028 U+0068 U+0061 U+006b U+0074 U+0061 U+0029
homa_(hoa)	h o m a	homa (hoa)	Bantawa	1	U+0068 U+006f U+006d U+0061 U+0020 U+0028 U+0068 U+006f U+0061 U+0029
hopma_(hoa)	h o p m a	hopma (hoa)	Bantawa	1	U+0068 U+006f U+0070 U+006d U+0061 U+0020 U+0028 U+0068 U+006f U+0061 U+0029
hopma_(hoptu)	h o p m a	hopma (hoptu)	Bantawa	1	U+0068 U+006f U+0070 U+006d U+0061 U+0020 U+0028 U+0068 U+006f U+0070 U+0074 U+0075 U+0029
i	i	bjij, mji¹	Tangut, Bantawa, Daofu, Japhug	100	U+0069
i$	i	si, tɯ-mi	Japhug, Daofu, Bantawa	100	U+0069 U+0024
i.	i̙				
ii	iː	ljiir, njiij¹	Tangut	11	U+0069 U+0069
ii$	iː	ljii, dʑjii	Tangut	6	U+0069 U+0069 U+0024
ima_(iya)	i m a	ima (iya)	Bantawa	1	U+0069 U+006d U+0061 U+0020 U+0028 U+0069 U+0079 U+0061 U+0029
imma_(imsa)	i m m a	imma (imsa)	Bantawa	1	U+0069 U+006d U+006d U+0061 U+0020 U+0028 U+0069 U+006d U+0073 U+0061 U+0029
i̧	i̙/i	kji̧j	Tangut	1	U+0069 U+0327
iᵖ	i p	ɕiᵖɕi	QueyuPubarong	1	U+0069 U+1d56
j	j	zji, qajɯ	Tangut, Daofu, Japhug	100	U+006a
j$	j	bjij, tsjij	Tangut, BragbarSitu, Japhug, KyomkyoSitu, Tshobdun	64	U+006a U+0024
jw	j w	njwɨ̣², dzjwo²	Tangut, Japhug	31	U+006a U+0077
jɕ	j ɕ	thɤjɕu	Japhug	1	U+006a U+0255
jʰ	dzʱ	majʰan	Bantawa	1	U+006a U+02b0
jʰonma_(jʰonta)	dzʱ o n m a	jʰonma (jʰonta)	Bantawa	1	U+006a U+02b0 U+006f U+006e U+006d U+0061 U+0020 U+0028 U+006a U+02b0 U+006f U+006e U+0074 U+0061 U+0029
jⁿ	j ⁿdʒ	qɐjⁿdʒeʔ	Tshobdun	1	U+006a U+207f
k	k	ɨkiwaŋ, khɑ mtʃik kɐ lɐt	MaerkangrGyalrong, Bantawa, Japhug, Zhaba, Daofu, WobziKhroskyabs	100	U+006b
k$	k	khro₂k, smɐ̂k	OldBurmese, MaerkangrGyalrong, BragbarSitu, Bantawa	100	U+006b U+0024
k-k	k + k	lek-ka, cʰuk-ka	Bantawa	6	U+006b U+006b
keŋma_(keŋa)	k e ŋ m a	keŋma (keŋa)	Bantawa	1	U+006b U+0065 U+014b U+006d U+0061 U+0020 U+0028 U+006b U+0065 U+014b U+0061 U+0029
kh	kʰ	nə-ɲam-khɐ̄j, ta-rkhām	MenyaGao, Daofu, BragbarSitu, Zhaba, MaerkangrGyalrong, NgyaltsuZbu, MuyaKangding, KyomkyoSitu, OldBurmese, Zlarong, QueyuXinlong, Japhug	100	U+006b U+0068
khs	kʰ s	kɐ nɐ ŋkhsə ŋkhsət, mɐ kə khsɐl	MaerkangrGyalrong	3	U+006b U+0068 U+0073
khw	kʰ w	kɐ-rəkəkhwî	NgyaltsuZbu	1	U+006b U+0068 U+0077
kokma_(kou)	k o k m a	kokma (kou)	Bantawa	1	U+006b U+006f U+006b U+006d U+0061 U+0020 U+0028 U+006b U+006f U+0075 U+0029
ks	k s	saksə̂, saksə	BragbarSitu, KyomkyoSitu	5	U+006b U+0073
kw	kʷ	karəkwam, kwākwā	QueyuPubarong, Bantawa, KyomkyoSitu, NgyaltsuZbu	9	U+006b U+0077
k|$	k	kə ʃək|	MaerkangrGyalrong	1	U+006b U+007c U+0024
kɕ	k ɕ	qa⁵⁵kɕe⁵⁵	QueyuXinlong	1	U+006b U+0255
kɨkma_(kɨktu)	k ɨ k m a	kɨkma (kɨktu)	Bantawa	1	U+006b U+0268 U+006b U+006d U+0061 U+0020 U+0028 U+006b U+0268 U+006b U+0074 U+0075 U+0029
kʰ	kʰ	bakʰa, rkʰô	Geshiza, Bantawa, GuanyinqiaoKhroskyabs, NjorogsKhroskyabs, SiyuewuKhroskyabs, WobziKhroskyabs, QueyuPubarong, Tshobdun, MenyaGao, Japhug	59	U+006b U+02b0
kʰapma_(kʰaptu)	kʰ a p m a	kʰapma (kʰaptu)	Bantawa	1	U+006b U+02b0 U+0061 U+0070 U+006d U+0061 U+0020 U+0028 U+006b U+02b0 U+0061 U+0070 U+0074 U+0075 U+0029
kʰitma_(kʰiru)	kʰ i t m a	kʰitma (kʰiru)	Bantawa	1	U+006b U+02b0 U+0069 U+0074 U+006d U+0061 U+0020 U+0028 U+006b U+02b0 U+0069 U+0072 U+0075 U+0029
kʰuma_(kʰu)	kʰ u m a	kʰuma (kʰu)	Bantawa	1	U+006b U+02b0 U+0075 U+006d U+0061 U+0020 U+0028 U+006b U+02b0 U+0075 U+0029
kʰɨma_(kʰɨsu)	kʰ ɨ m a	kʰɨma (kʰɨsu)	Bantawa	1	U+006b U+02b0 U+0268 U+006d U+0061 U+0020 U+0028 U+006b U+02b0 U+0268 U+0073 U+0075 U+0029
l	l	məlé, tɐ lɐ lɐt kɑ pɑ	WobziKhroskyabs, MaerkangrGyalrong, Japhug, Daofu, Zhaba, MenyaGao, Bantawa, MuyaKangding	100	U+006c
l$	l	χcə̂l, sŋɯχcɤl	SiyuewuKhroskyabs, Japhug, WobziKhroskyabs, NgyaltsuZbu, Geshiza, MaerkangrGyalrong	19	U+006c U+0024
laŋma_(laŋsu)	l a ŋ m a	laŋma (laŋsu)	Bantawa	1	U+006c U+0061 U+014b U+006d U+0061 U+0020 U+0028 U+006c U+0061 U+014b U+0073 U+0075 U+0029
lekma_(lea)	l e k m a	lekma (lea)	Bantawa	1	U+006c U+0065 U+006b U+006d U+0061 U+0020 U+0028 U+006c U+0065 U+0061 U+0029
lema_(lesu)	l e m a	lema (lesu)	Bantawa	1	U+006c U+0065 U+006d U+0061 U+0020 U+0028 U+006c U+0065 U+0073 U+0075 U+0029
lh	ɬ	lhə² lhie²	Tangut	1	U+006c U+0068
litma_(littu)	l i t m a	litma (littu)	Bantawa	1	U+006c U+0069 U+0074 U+006d U+0061 U+0020 U+0028 U+006c U+0069 U+0074 U+0074 U+0075 U+0029
lotma_(lora)	l o t m a	lotma (lora)	Bantawa	1	U+006c U+006f U+0074 U+006d U+0061 U+0020 U+0028 U+006c U+006f U+0072 U+0061 U+0029
luma_(luwa)	l u m a	luma (luwa)	Bantawa	1	U+006c U+0075 U+006d U+0061 U+0020 U+0028 U+006c U+0075 U+0077 U+0061 U+0029
lw	l w	kɐ-lwɐ́ʔ, kɑ lwɑ	NgyaltsuZbu, Japhug, MaerkangrGyalrong	3	U+006c U+0077
l̥	ɬ	skɐml̥óʁʔ, pjel̥a	QueyuPubarong, NgyaltsuZbu	2	U+006c U+0325
lⁿ	l ⁿb	qɐlⁿbjəmʔ	Tshobdun	1	U+006c U+207f
m	m	tɯ-mi, manma kʰanma	Bantawa, Japhug, Daofu	100	U+006d
m$	m	rpʰə́m, zdə̂m	Japhug, SiyuewuKhroskyabs, WobziKhroskyabs, MaerkangrGyalrong, BragbarSitu, Bantawa, OldBurmese, Daofu	100	U+006d U+0024
mciphɯt_(lɤt)	m c i pʰ ɯ t _l ɤ t	mciphɯt (lɤt)	Japhug	1	U+006d U+0063 U+0069 U+0070 U+0068 U+026f U+0074 U+0020 U+0028 U+006c U+0264 U+0074 U+0029
minma_(mittu)	m i n m a	minma (mittu)	Bantawa	1	U+006d U+0069 U+006e U+006d U+0061 U+0020 U+0028 U+006d U+0069 U+0074 U+0074 U+0075 U+0029
mm	m m	omma, kumma	Bantawa	5	U+006d U+006d
ms	m s	kɑ msɑm, bəmstʰûd	SiyuewuKhroskyabs, MaerkangrGyalrong	2	U+006d U+0073
mw	m w	dʑəmwə	QueyuPubarong	1	U+006d U+0077
m̥	m̥	qha⁵⁵m̥e³³	QueyuXinlong	1	U+006d U+0325
n	n	khɯna, manma kʰanma	Japhug, Bantawa, Daofu, WobziKhroskyabs, Zhaba, Tangut	100	U+006e
n$	n	kəskriʔn, rkɯn	KyomkyoSitu, Bantawa, OldBurmese, BragbarSitu, Daofu, Japhug, NgyaltsuZbu, SiyuewuKhroskyabs, Tshobdun, MaerkangrGyalrong, Geshiza	50	U+006e U+0024
namma_(namsu)	n a m m a	namma (namsu)	Bantawa	1	U+006e U+0061 U+006d U+006d U+0061 U+0020 U+0028 U+006e U+0061 U+006d U+0073 U+0075 U+0029
nh	n h	ʔa◦nhac	OldBurmese	1	U+006e U+0068
notma_(notta)	n o t m a	notma (notta)	Bantawa	1	U+006e U+006f U+0074 U+006d U+0061 U+0020 U+0028 U+006e U+006f U+0074 U+0074 U+0061 U+0029
n̥	n̥	ˣn̥əˣn̥o, n̥ɯ⁵⁵n̥ɯ³³	QueyuPubarong, QueyuXinlong	7	U+006e U+0325
nⁿg	n ⁿg	kənⁿɡə́t, kɐ-nⁿbêz	NgyaltsuZbu, Tshobdun	5	U+006e U+207f
o	o	jpɣom, low²	Japhug, Bantawa, Tangut, Daofu, Zhaba, WobziKhroskyabs	100	U+006f
o$	o	mbro, kə jo	MaerkangrGyalrong, Japhug, Daofu, Tangut, Bantawa, WobziKhroskyabs	100	U+006f U+0024
o.	o̙				
onma_(onta)	o n m a	onma (onta)	Bantawa	1	U+006f U+006e U+006d U+0061 U+0020 U+0028 U+006f U+006e U+0074 U+0061 U+0029
oo	oː	gioo¹, goor¹	Tangut	2	U+006f U+006f
oᵑ	o ŋ	ɕoᵑkʰû	QueyuPubarong	1	U+006f U+1d51
oⁿb	o ⁿb	tʃoⁿbɐjʔ	Tshobdun	1	U+006f U+207f
o₁	o₁/o	sañ◦to₁ṅ, khyo₁ṅḥ	OldBurmese	12	U+2081
p	p	jpɣom, tɤpɤtso	Zhaba, Japhug, MaerkangrGyalrong, Daofu, WobziKhroskyabs, Bantawa	100	U+0070
p$	p	ta-niɛ̂p, pāḥ◦cap	BragbarSitu, KyomkyoSitu, OldBurmese, MaerkangrGyalrong, Bantawa	42	U+0070 U+0024
pamma_(pamtu)	p a m m a	pamma (pamtu)	Bantawa	1	U+0070 U+0061 U+006d U+006d U+0061 U+0020 U+0028 U+0070 U+0061 U+006d U+0074 U+0075 U+0029
paŋma_(paŋsa)	p a ŋ m a	paŋma (paŋsa)	Bantawa	1	U+0070 U+0061 U+014b U+006d U+0061 U+0020 U+0028 U+0070 U+0061 U+014b U+0073 U+0061 U+0029
pema_(pesa)	p e m a	pema (pesa)	Bantawa	1	U+0070 U+0065 U+006d U+0061 U+0020 U+0028 U+0070 U+0065 U+0073 U+0061 U+0029
ph	pʰ	mu31su55phe31phi31, 2ɦuphɛ	KyomkyoSitu, MenyaGao, Zhaba, Zlarong, MuyaKangding, MaerkangrGyalrong, Daofu, OldBurmese, BragbarSitu, NgyaltsuZbu, QueyuXinlong, Japhug	55	U+0070 U+0068
phs	pʰ s	kə nə phso	MaerkangrGyalrong	1	U+0070 U+0068 U+0073
phʃ	pʰ ʃ	tə phʃᴇ	MaerkangrGyalrong	1	U+0070 U+0068 U+0283
pp	p p	kuluŋdippa, kippa	Bantawa	2	U+0070 U+0070
ps	p s	nə-psōs, bʰepsa	QueyuXinlong, BragbarSitu, Bantawa	3	U+0070 U+0073
ptʂ	p tʂ				
ptʂʰ	p ʈʂʰ	tʂʰə̄ptʂʰə	QueyuPubarong	1	U+0074 U+0282 U+02b0
pw	p w	tsɨpwə	QueyuPubarong	1	U+0070 U+0077
pɕ	p ɕ	ɕʰjopɕī, ka-rapɕê	QueyuXinlong, Japhug, BragbarSitu, QueyuPubarong	8	U+0070 U+0255
pɨma_(pɨ)	p ɨ m a	pɨma (pɨ)	Bantawa	1	U+0070 U+0268 U+006d U+0061 U+0020 U+0028 U+0070 U+0268 U+0029
pʃ	p ʃ	tə pʃu, təpʃiʔ	KyomkyoSitu, MaerkangrGyalrong	2	U+0070 U+0283
pʰ	pʰ	rpʰə́m, sæpʰô	WobziKhroskyabs, NjorogsKhroskyabs, GuanyinqiaoKhroskyabs, SiyuewuKhroskyabs, Geshiza, Tshobdun, QueyuPubarong	40	U+0070 U+02b0
pʰitma_(pʰittu)	pʰ i t m a	pʰitma (pʰittu)	Bantawa	1	U+0070 U+02b0 U+0069 U+0074 U+006d U+0061 U+0020 U+0028 U+0070 U+02b0 U+0069 U+0074 U+0074 U+0075 U+0029
q	q	tʂaq⁵⁵, pqɑ	NjorogsKhroskyabs, NgyaltsuZbu, MenyaGao, QueyuXinlong, Japhug, QueyuPubarong, GuanyinqiaoKhroskyabs, Daofu, WobziKhroskyabs, Geshiza, Tshobdun, MuyaKangding, SiyuewuKhroskyabs	88	U+0071
qh	qʰ	2na̠qha̠, 1qhɔ̠sɔ̠	MenyaGao, Daofu, QueyuXinlong, MuyaKangding, NgyaltsuZbu	22	U+0071 U+0068
qw	q w	χqwa, pɨqwō	QueyuPubarong	2	U+0071 U+0077
qʰ	qʰ	ɕeɲeqʰaqʰa, ɴqʰi	Geshiza, NjorogsKhroskyabs, QueyuPubarong, Japhug, GuanyinqiaoKhroskyabs, WobziKhroskyabs, SiyuewuKhroskyabs, MenyaGao, Tshobdun	30	U+0071 U+02b0
r	r	ɣre ɣre, miri	Daofu, Japhug, Bantawa	100	U+0072
r$	r	mər, tɕior	Tangut, Japhug, BragbarSitu, SiyuewuKhroskyabs, WobziKhroskyabs, MaerkangrGyalrong, Daofu, Geshiza, QueyuPubarong	100	U+0072 U+0024
rs	r s	karstʃu, kərscat	KyomkyoSitu, NjorogsKhroskyabs	4	U+0072 U+0073
rw	r w	va-rwāk, rwoʁrwóʁʔ	KyomkyoSitu, NgyaltsuZbu, BragbarSitu, MaerkangrGyalrong, Japhug	6	U+0072 U+0077
rɕ	r ɕ	sə⁵⁵rɕoq³³, rə³³rɕə⁵³	GuanyinqiaoKhroskyabs, SiyuewuKhroskyabs, NjorogsKhroskyabs	3	U+0072 U+0255
rʑ	r ʑ	tɤ-rʑaβ, tɤ-rʑaʁ	Japhug	3	U+0072 U+0291
rʒ	r ʒ	qo⁵⁵rʒi¹³	QueyuXinlong	1	U+0072 U+0292
s	s	tə⁵⁵sə⁵⁵sɐ³³, kə sə so	MaerkangrGyalrong, MenyaGao, Daofu, Japhug, MuyaKangding, Bantawa, WobziKhroskyabs, Zhaba, Tangut	100	U+0073
s$	s	kɑ phis, kəɲes	MaerkangrGyalrong, BragbarSitu, KyomkyoSitu, Japhug	14	U+0073 U+0024
sepma_(septu)	s e p m a	sepma (septu)	Bantawa	1	U+0073 U+0065 U+0070 U+006d U+0061 U+0020 U+0028 U+0073 U+0065 U+0070 U+0074 U+0075 U+0029
sh	sʰ	də shɛ, kʌ³³ she⁵⁵	Daofu, Zhaba	2	U+0073 U+0068
sinma_(sintu)	s i n m a	sinma (sintu)	Bantawa	1	U+0073 U+0069 U+006e U+006d U+0061 U+0020 U+0028 U+0073 U+0069 U+006e U+0074 U+0075 U+0029
ss	s s	ɨssawa	Bantawa	1	U+0073 U+0073
sw	s w	tə swɑ	MaerkangrGyalrong	1	U+0073 U+0077
sʰ	sʰ	pɨ̄sʰɨ, v-sʰæ	QueyuPubarong, Geshiza	6	U+0073 U+02b0
t	t	1tətə, rdɤstaʁ	MenyaGao, Japhug, MaerkangrGyalrong, Zhaba, WobziKhroskyabs, Bantawa, MuyaKangding, Daofu	100	U+0074
t$	t	lʁɐ̂ t, sat	Japhug, Tshobdun, MaerkangrGyalrong, NgyaltsuZbu, BragbarSitu, OldBurmese, Bantawa	100	U+0074 U+0024
th	tʰ	2thʌmə, 2thønthø	MenyaGao, QueyuXinlong, Daofu, Japhug, OldBurmese, Zhaba, MuyaKangding, QueyuPubarong, NgyaltsuZbu, KyomkyoSitu, Zlarong	44	U+0074 U+0068
thw	tʰ w	kə thwi, kəthwɐ̂j	BragbarSitu, KyomkyoSitu, MaerkangrGyalrong	3	U+0074 U+0068 U+0077
tomma_(tomtu)	t o m m a	tomma (tomtu)	Bantawa	1	U+0074 U+006f U+006d U+006d U+0061 U+0020 U+0028 U+0074 U+006f U+006d U+0074 U+0075 U+0029
ts	ts	pɑ tsɑ, qa⁵⁵stsue⁵⁵	MenyaGao, MaerkangrGyalrong, Zhaba, MuyaKangding, Japhug, BragbarSitu, QueyuXinlong, QueyuPubarong, WobziKhroskyabs, SiyuewuKhroskyabs, Daofu, Tangut	100	U+0074 U+0073
tsh	tsʰ	kə-xtshémʔ, 1pətshi	MenyaGao, NgyaltsuZbu, MuyaKangding, Zhaba, Zlarong, Daofu, BragbarSitu, QueyuXinlong, MaerkangrGyalrong, Japhug	72	U+0074 U+0073 U+0068
tsw	ts w	xtswəlyē	QueyuPubarong	1	U+0074 U+0073 U+0077
tsʰ	tsʰ	mtsʰo, χtsʰru⁵⁵	GuanyinqiaoKhroskyabs, QueyuPubarong, WobziKhroskyabs, Geshiza, SiyuewuKhroskyabs, Tshobdun, Japhug, NjorogsKhroskyabs	60	U+0074 U+0073 U+02b0
tw	t w	tə-ntwiɛ̂, təntwa	NgyaltsuZbu, BragbarSitu, KyomkyoSitu, MaerkangrGyalrong	4	U+0074 U+0077
tɕ	tɕ	mbrɯtɕɯ, ntɕæ̂ʁtɕæʁ	Japhug, MenyaGao, QueyuPubarong, BragbarSitu, Geshiza, SiyuewuKhroskyabs, NgyaltsuZbu, WobziKhroskyabs, GuanyinqiaoKhroskyabs, MuyaKangding, Daofu, NjorogsKhroskyabs, Zhaba, QueyuXinlong, Zlarong	99	U+0074 U+0255
tɕh	tɕʰ	təmtɕhə́ɣʔ, xtɕhe xtɕhe	MenyaGao, NgyaltsuZbu, Daofu, BragbarSitu, MuyaKangding, QueyuXinlong, Zhaba, Zlarong, Geshiza, Japhug	64	U+0074 U+0255 U+0068
tɕw	tɕ w	ka-tɕwāk	BragbarSitu	1	U+0074 U+0255 U+0077
tɕʰ	tɕʰ	mtɕʰə́, mtɕʰi⁵⁵	Geshiza, GuanyinqiaoKhroskyabs, NjorogsKhroskyabs, QueyuPubarong, SiyuewuKhroskyabs, WobziKhroskyabs, BragbarSitu, Japhug	30	U+0074 U+0255 U+02b0
tɕʰɪ_(open_the_door)	tɕʰ ɪ	tɕʰɪ (open the door)	QueyuPubarong	1	U+0074 U+0255 U+02b0 U+026a U+0020 U+0028 U+006f U+0070 U+0065 U+006e U+0020 U+0074 U+0068 U+0065 U+0020 U+0064 U+006f U+006f U+0072 U+0029
tʂ	ʈʂ	1tʂytʂy, χtevtʂi	Zhaba, MenyaGao, MaerkangrGyalrong, BragbarSitu, QueyuPubarong, MuyaKangding, QueyuXinlong, Tshobdun, NgyaltsuZbu, Zlarong, Japhug, NjorogsKhroskyabs	52	U+0074 U+0282
tʂh	tʂʰ	ptʂho⁵⁵ptʂho³³, 1tʂhøtʂhø	MenyaGao, QueyuXinlong, Zhaba, MuyaKangding, BragbarSitu, Zlarong, NgyaltsuZbu, Daofu	23	U+0074 U+0282 U+0068
tʂʌ³³_(p)_tʂɿ⁵⁵|	ts ʌ ³³ tʂ ɿ ⁵⁵	tʂʌ³³ (p) tʂɿ⁵⁵|	Zhaba	1	U+0074 U+0282 U+028c U+00b3 U+00b3 U+0020 U+0028 U+0070 U+0029 U+0020 U+0074 U+0282 U+027f U+2075 U+2075 U+007c
tʃ	tʃ	kəxtʃipu, təmtʃuɣʔzɐrnaʔ	Tshobdun, MaerkangrGyalrong, KyomkyoSitu, QueyuXinlong	37	U+0074 U+0283
tʃh	tʃʰ	kantʃhiʔ, ʃ◦tʃhi⁵⁵	QueyuXinlong, KyomkyoSitu	4	U+0074 U+0283 U+0068
tʃʰ	tʃʰ	mtʃʰi, ŋɐ́tʃʰə	Tshobdun	5	U+0074 U+0283 U+02b0
tʊ, leɪ	t ʊ	tʊ, leɪ	QueyuPubarong	1	U+0074 U+028a U+002c U+0020 U+006c U+0065 U+026a
tʰ	tʰ	rtʰɛ³³tʰɛ⁵⁵, ltʰə	GuanyinqiaoKhroskyabs, Geshiza, QueyuPubarong, NjorogsKhroskyabs, WobziKhroskyabs, SiyuewuKhroskyabs, Tshobdun	44	U+0074 U+02b0
tʰuŋma_(tʰuŋsu)	tʰ u ŋ m a	tʰuŋma (tʰuŋsu)	Bantawa	1	U+0074 U+02b0 U+0075 U+014b U+006d U+0061 U+0020 U+0028 U+0074 U+02b0 U+0075 U+014b U+0073 U+0075 U+0029
tʰə̌,_tsə̌	tʰ ə̌/ə	tʰə̌, tsə̌	QueyuPubarong	1	U+0074 U+02b0 U+0259 U+030c U+002c U+0020 U+0074 U+0073 U+0259 U+030c
u	u	cuncurukwa, ʂtʂu⁵⁵tʂu³³	Bantawa, Zhaba, Daofu, Tangut, Japhug, WobziKhroskyabs	100	U+0075
u$	u	tɯ-pu, mu	Japhug, Daofu, Tangut, MaerkangrGyalrong, MenyaGao, Bantawa, WobziKhroskyabs	100	U+0075 U+0024
u.	u̙				
uu	uː	dzuu²	Tangut	2	U+0075 U+0075
uu$	uː	djuu, luu	Tangut	2	U+0075 U+0075 U+0024
v	v	rvə́, skhvɛ skhvɛ	Daofu, WobziKhroskyabs, MenyaGao, SiyuewuKhroskyabs, BragbarSitu, QueyuXinlong, OldBurmese, QueyuPubarong, Zhaba, MuyaKangding	100	U+0076
v$	v	gɑ́v, jə̂v	WobziKhroskyabs, SiyuewuKhroskyabs, NgyaltsuZbu, Tshobdun, OldBurmese, Daofu	36	U+0076 U+0024
vs	v s	nvse⁵³, nɑ̂rinvse	GuanyinqiaoKhroskyabs, WobziKhroskyabs	5	U+0076 U+0073
vʐ	v ʐ	the⁵⁵vʐe⁵⁵vʐe³³, ʌ³³ vʐe⁵⁵	Zhaba	3	U+0076 U+0290
vʑ	v ʑ	xtɕə̄vʑo, ɬe³³vʑʌ⁵⁵	QueyuPubarong, Zhaba	2	U+0076 U+0291
w	w	kə wɐ tsi wɐt, low²	Bantawa, Tangut, MaerkangrGyalrong, OldBurmese, Zlarong, KyomkyoSitu, QueyuXinlong, NgyaltsuZbu, MuyaKangding, BragbarSitu, Geshiza, GuanyinqiaoKhroskyabs, Japhug, NjorogsKhroskyabs, QueyuPubarong, Daofu	97	U+0077
w$	w	dʑjwow, ʔuiw	Tangut, OldBurmese	18	U+0077 U+0024
wamma_(wamtu)	w a m m a	wamma (wamtu)	Bantawa	1	U+0077 U+0061 U+006d U+006d U+0061 U+0020 U+0028 U+0077 U+0061 U+006d U+0074 U+0075 U+0029
wetma_(weru)	w e t m a	wetma (weru)	Bantawa	1	U+0077 U+0065 U+0074 U+006d U+0061 U+0020 U+0028 U+0077 U+0065 U+0072 U+0075 U+0029
x	x	kəxtʃipu, 1xu	MenyaGao, NgyaltsuZbu, Daofu, Japhug, Tshobdun, MuyaKangding, QueyuXinlong, QueyuPubarong, Zlarong	41	U+0078
xs	x s	xset kɐ́-xset, xso xso	Daofu, Tshobdun	4	U+0078 U+0073
y	y	dy⁵⁵ dy⁵⁵, myuiwḥ◦ciyʔ	OldBurmese, Zhaba, QueyuXinlong, Bantawa, MuyaKangding, MenyaGao	100	U+0079
y$	y	riy, ṅay	OldBurmese, MenyaGao, QueyuXinlong, Japhug, Bantawa	33	U+0079 U+0024
yunma_(yunta)	y u n m a	yunma (yunta)	Bantawa	1	U+0079 U+0075 U+006e U+006d U+0061 U+0020 U+0028 U+0079 U+0075 U+006e U+0074 U+0061 U+0029
yuŋma_(yuŋa)	y u ŋ m a	yuŋma (yuŋa)	Bantawa	1	U+0079 U+0075 U+014b U+006d U+0061 U+0020 U+0028 U+0079 U+0075 U+014b U+0061 U+0029
z	z	amdzɯ, 2ndza̠ndza̠	MenyaGao, MuyaKangding, Zhaba, WobziKhroskyabs, Japhug, Tangut, Daofu, MaerkangrGyalrong, QueyuXinlong	100	U+007a
z$	z	kɐ-séz, sɯz	NgyaltsuZbu, Japhug, SiyuewuKhroskyabs, Tshobdun	41	U+007a U+0024
z_z	z + z	kə-nəz-zɟê	BragbarSitu	1	U+007a U+007a
zw	z w	rdzwiɛ̂, kardzwa	BragbarSitu, KyomkyoSitu	2	U+007a U+0077
|	NULL				
~w	+ w	wji~wji	Geshiza	1	U+007e U+0077
¤	NULL	ɟefun¤ kava	KyomkyoSitu	1	U+00a4
²	²	lhə² lhie², sji²dzjwo¹	Tangut	3	U+00b2
²$	²	njwɨ̣², mej²	Tangut	58	U+00b2 U+0024
²⁴	²⁴	ɦæ²⁴ nə³³, kuə²⁴ khə⁵⁵βə³³	MuyaKangding	10	U+00b2 U+2074
²⁴$	²⁴	xuə²⁴, βɐ²⁴	MuyaKangding	30	U+00b2 U+2074 U+0024
³	³	gu³tshɪ⁵⁵	Zhaba	1	U+00b3
³³	³³	go³³pi⁵⁵, tʂʌ³³tʂa⁵⁵	Zhaba, MuyaKangding	100	U+00b3 U+00b3
³³$	³³	thə⁵³tshe³³, ɐ⁵³ tsə³³	MuyaKangding, Zhaba, QueyuXinlong	100	U+00b3 U+00b3 U+0024
³¹$	³¹	di³¹, tɕhi⁵⁵tə³³qa⁵⁵si³¹	QueyuXinlong, Zhaba	4	U+00b3 U+00b9 U+0024
³⁵	³⁵	ʂtei³³ mbo³⁵zɿ³³	Zhaba	1	U+00b3 U+2075
³⁵$	³⁵	jɐ³³næ⁵⁵βa³⁵	MuyaKangding	1	U+00b3 U+2075 U+0024
¹$	¹	mji¹, zji¹	Tangut	85	U+00b9 U+0024
¹³	¹³	zi¹³za⁵⁵, ɑ¹³tshɿ³³	QueyuXinlong, Zhaba	57	U+00b9 U+00b3
¹³$	¹³	ʑe¹³, rde¹³	Zhaba, QueyuXinlong	100	U+00b9 U+00b3 U+0024
á	á/a	sásu, orjáŋnəz	Tshobdun, WobziKhroskyabs	5	U+00e1
á$	á/a	qʰæsɲá, mpʰælʁá	WobziKhroskyabs	8	U+00e1 U+0024
â	â/a	ndâm, χtɕâχtɕa	BragbarSitu, WobziKhroskyabs	24	U+00e2
â$	â/a	mbərtsâ, ta-pâ	WobziKhroskyabs, BragbarSitu, QueyuPubarong	21	U+00e2 U+0024
âs$	â/a s	vartsâs	BragbarSitu	1	U+00e2 U+0073 U+0024
ã	ã	khã31tshã53, rã31rã55	Zlarong, QueyuPubarong, Bantawa	12	U+00e3
ã̄	ã̄	ŋã̄ɪŋã̄ɪ, qã̄ɪ	QueyuPubarong	5	U+00e3 U+0304
æ	æ	ɲæʁdí, kærkær	MuyaKangding, Geshiza, SiyuewuKhroskyabs, WobziKhroskyabs, QueyuPubarong	100	U+00e6
æ$	æ	mæ-, mæ	Geshiza, QueyuPubarong, WobziKhroskyabs, SiyuewuKhroskyabs	52	U+00e6 U+0024
æ̂	æ̂/æ	fɕæ̂ʁpɑ, mtsæ̂r	SiyuewuKhroskyabs, WobziKhroskyabs	42	U+00e6 U+0302
æ̂$	æ̂/æ	jnæ̂, pjæ̂	WobziKhroskyabs, SiyuewuKhroskyabs	7	U+00e6 U+0302 U+0024
æ̃	æ̃	thæ⁵⁵ji⁵⁵dʑæ̃³³tshuə⁵³, tɕuæ̃³³tɕhə⁵³	MuyaKangding	2	U+00e6 U+0303
æ̠	æ̙	1næ̠næ̠, 2dʑæ̠ŋkhu	MenyaGao	10	U+00e6 U+0320
æ̠$	æ̠	1məzæ̠, 2nɛ̠tɕhæ̠	MenyaGao	27	U+00e6 U+0320 U+0024
ç	ç	cçə⁵³, cçi⁵⁵	GuanyinqiaoKhroskyabs, NjorogsKhroskyabs, Zhaba, Daofu, MaerkangrGyalrong, SiyuewuKhroskyabs	26	U+00e7
çh	çʰ	gɛ cçhɛ, ncçhə ncçhə	Daofu, MaerkangrGyalrong, GuanyinqiaoKhroskyabs, Zhaba	13	U+00e7 U+0068
çʰ	çʰ	cçʰo⁵³, xcçʰə³³fcçʰə⁵³	GuanyinqiaoKhroskyabs, NjorogsKhroskyabs	18	U+00e7 U+02b0
é	é/e	tərméʔ, kɐ-séz	NgyaltsuZbu, SiyuewuKhroskyabs	43	U+00e9
é$	é/e	məlé, tsʰé	SiyuewuKhroskyabs, WobziKhroskyabs, Tshobdun	35	U+00e9 U+0024
é|$	é/e	|æ-rgé|	WobziKhroskyabs	2	U+00e9 U+007c U+0024
ê	ê	sêrʁi, kɐ-nɐrcêt	SiyuewuKhroskyabs, NgyaltsuZbu, Tshobdun, WobziKhroskyabs	22	U+00ea
ê$	ê/e	rjê, sê	WobziKhroskyabs, BragbarSitu, SiyuewuKhroskyabs, NgyaltsuZbu	66	U+00ea U+0024
í	í	təcíʔ, zⁿdímʔ	NgyaltsuZbu, Tshobdun, SiyuewuKhroskyabs	33	U+00ed
í$	í	ɲadí, ʁɴjí	SiyuewuKhroskyabs, WobziKhroskyabs, NgyaltsuZbu, Tshobdun	26	U+00ed U+0024
íˠ	íˠ/iˠ	kɑ-zíˠʔ, kɯ-tsríˠʔ	NgyaltsuZbu	3	U+00ed U+02e0
î	î	tsʰîd, ʁnîz	NgyaltsuZbu, SiyuewuKhroskyabs, WobziKhroskyabs, BragbarSitu, QueyuPubarong	13	U+00ee
î$	î	zî, tɕʰî	NgyaltsuZbu, WobziKhroskyabs, BragbarSitu, SiyuewuKhroskyabs, QueyuPubarong	75	U+00ee U+0024
ñ	ɲ	sañ◦to₁ṅ, lak◦sañḥ	OldBurmese	5	U+00f1
ñ$	ɲ	lañ, ʔa◦mañ	OldBurmese	5	U+00f1 U+0024
ññ	ññ/ȵ	ññaññḥ	OldBurmese	1	U+00f1 U+00f1
ò$	ò/o	sʰò	QueyuPubarong	1	U+00f2 U+0024
ó	ó/o	ɐkhóʔ, kɐ-ɲór	NgyaltsuZbu, SiyuewuKhroskyabs, Tshobdun, WobziKhroskyabs	36	U+00f3
ó$	ó/o	dʑəgó, sæpó	SiyuewuKhroskyabs, WobziKhroskyabs	10	U+00f3 U+0024
óˠ	ó/oˠ	k-ɑmdzóˠʔ, k-ɑrtóˠmʔ	NgyaltsuZbu	2	U+00f3 U+02e0
ô	ô/o	kɐ-tʂôv, kɐ-ntsôɣ	NgyaltsuZbu, SiyuewuKhroskyabs, BragbarSitu	23	U+00f4
ô$	ô/o	rdzô, ɲcô	BragbarSitu, WobziKhroskyabs, SiyuewuKhroskyabs, NgyaltsuZbu	33	U+00f4 U+0024
ôˠ	ô/oˠ	kɑ-mtshôˠt, mtshôˠt	NgyaltsuZbu	2	U+00f4 U+02e0
ôˠ$	ô/oˠ	kɑ-vɑmôˠ	NgyaltsuZbu	1	U+00f4 U+02e0 U+0024
õ	õ	mo³³ȵõ⁵³, sõ⁵³	Zlarong, MuyaKangding, Daofu	6	U+00f5
õ$	õ	mõ	QueyuPubarong	1	U+00f5 U+0024
ø	ø	tʂhø⁵³tʂhø³³, rø⁵³rø⁵⁵	MuyaKangding, MenyaGao, Zhaba	41	U+00f8
ø$	ø	2khəkø, 1tshəʐø	MenyaGao	16	U+00f8 U+0024
ø̃	ø̃	thø̃³³thø⁵³	MuyaKangding	1	U+00f8 U+0303
ø̱	ø̙/ø	qø̱²⁴	MuyaKangding	1	U+00f8 U+0331
ú	ú/u	stʰú ɲcô, səkúʔ	NgyaltsuZbu, SiyuewuKhroskyabs, WobziKhroskyabs, Tshobdun	17	U+00fa
ú$	ú/u	vɟú, ɐrnbú	WobziKhroskyabs, SiyuewuKhroskyabs, NgyaltsuZbu	14	U+00fa U+0024
û	û/u	tə-χpûm, tə-rtsûz	SiyuewuKhroskyabs, NgyaltsuZbu, QueyuPubarong	5	U+00fb
û$	û	təmû, ʁjû	SiyuewuKhroskyabs, NgyaltsuZbu, BragbarSitu, WobziKhroskyabs, QueyuPubarong	44	U+00fb U+0024
ûs$	û/u s	rəktɕhûs	BragbarSitu	1	U+00fb U+0073 U+0024
ā	ā/a	ta-rkhām, ṅāḥ	BragbarSitu, OldBurmese, QueyuPubarong	54	U+0101
ā$	ā/a	mā, vā	QueyuPubarong, OldBurmese, BragbarSitu	18	U+0101 U+0024
ās$	ā/a s	tə-mphās, mə-mphās	BragbarSitu	2	U+0101 U+0073 U+0024
āɕ	ā/a ɕ	qāɕye	QueyuPubarong	1	U+0101 U+0255
āʐ	ā/aː ʐ	nāʐi, nāʐo	QueyuPubarong	3	U+0101 U+0290
ē	ē/e	ŋkhiēr, ˣtēɪʐə̄mu	QueyuPubarong, BragbarSitu	17	U+0113
ē$	ē/e	ta-mē, kəʑē	QueyuPubarong, BragbarSitu	21	U+0113 U+0024
ě	ě/e	děɪ, zěɪ	QueyuPubarong	2	U+011b
ě$	ě/e	ɲě, jě	QueyuPubarong	2	U+011b U+0024
ĩ	ĩ	tɕhĩ55pe53, ɕĩ55phu53	Zlarong	2	U+0129
ī	ī/i	ka-rantsīk, cīḥ	OldBurmese, BragbarSitu, QueyuPubarong	18	U+012b
ī$	ī	tə-mī, tʂī	QueyuPubarong, BragbarSitu, OldBurmese	38	U+012b U+0024
īs$	ī/i s	ptɕʰīs, rɲīs	BragbarSitu	2	U+012b U+0073 U+0024
ŋ	ŋ	rŋgɯ, kɐ nɐ ŋkhsə ŋkhsət	Japhug, Daofu, Bantawa, WobziKhroskyabs, MenyaGao, MaerkangrGyalrong, Zhaba, MuyaKangding, QueyuXinlong	100	U+014b
ŋ$	ŋ	sɨŋ, ɨkiwaŋ	Bantawa, Daofu, BragbarSitu, Tshobdun, WobziKhroskyabs, Geshiza, KyomkyoSitu, MaerkangrGyalrong, SiyuewuKhroskyabs	44	U+014b U+0024
ŋa¹³_(ȵa⁵⁵)_nɯ³³	ŋ a ¹³ + ȵ a ⁵⁵ + n ɯ ³³	ŋa¹³ (ȵa⁵⁵) nɯ³³	QueyuXinlong	1	U+014b U+0061 U+00b9 U+00b3 U+0020 U+0028 U+0235 U+0061 U+2075 U+2075 U+0029 U+0020 U+006e U+026f U+00b3 U+00b3
ŋs	ŋ s	sɨŋsiwa	Bantawa	1	U+014b U+0073
ŋw	ŋ w	yaŋwama, k-ɐrŋwíʔ	Bantawa, QueyuPubarong, NgyaltsuZbu	9	U+014b U+0077
ō	ō/o	kəɟōk, khō₁	BragbarSitu, QueyuPubarong, OldBurmese	23	U+014d
ō$	ō/o	tʂɨtɕō, ᵖtʂʰōᵖtʂō	QueyuPubarong, BragbarSitu, OldBurmese	32	U+014d U+0024
ōs$	ō/o s	nə-psōs	BragbarSitu	1	U+014d U+0073 U+0024
ōɕ	ō/o ɕ	ˣtōɕo	QueyuPubarong	1	U+014d U+0255
ōᵖ	ō/o p	ᵖtʂʰōᵖtʂō	QueyuPubarong	1	U+014d U+1d56
ŕ	r				
ũ	ũ	na31khũ55, jũ53	Zlarong, QueyuPubarong	5	U+0169
ũ$	ũ	ndʑũ	QueyuPubarong	1	U+0169 U+0024
ũ̄$	ũ̄/ũ	ʐũʐũ̄	QueyuPubarong	1	U+0169 U+0304 U+0024
ū	ū	būʐǒ, xpū ʐye	QueyuPubarong, OldBurmese, BragbarSitu	8	U+016b
ū$	ū/u	ta-pū, m̥ū	QueyuPubarong, BragbarSitu, OldBurmese	32	U+016b U+0024
ŷ$	ŷ/y	nyɕŷ	QueyuPubarong	1	U+0177 U+0024
ƈʰ	ɕʰ	tƈʰav⁵³	GuanyinqiaoKhroskyabs	1	U+0188 U+02b0
ǎ$	ǎ	vǎ, ʐalǎ	QueyuPubarong	3	U+01ce U+0024
ǐ$	ǐ/i	ᵖɕǐ	QueyuPubarong	2	U+01d0 U+0024
ǒ$	ǒ/o	būʐǒ, mǒ	QueyuPubarong	3	U+01d2 U+0024
ǝ	ə	tǝ-ɟɐ̄m	BragbarSitu	1	U+01dd
ǣ	ǣ/æ	sǣmə	QueyuPubarong	1	U+01e3
ǣ$	ǣ/æ	xǣ, zæzǣ	QueyuPubarong	5	U+01e3 U+0024
ǽ	ǽ/æ	ndʑǽm, lŋǽʁ	SiyuewuKhroskyabs, WobziKhroskyabs	28	U+01fd
ǽ$	ǽ/æ	rjæzǽ, rǽ	WobziKhroskyabs	9	U+01fd U+0024
ȭ	ȭ/o	pȭtsaɪ, zȭntsʰɨ	QueyuPubarong	2	U+022d
ȭ$	ȭ/õ	zȭ, qʰȭ	QueyuPubarong	5	U+022d U+0024
ȭᵐ	ȭ/õ m	qʰȭᵐbɤ̄	QueyuPubarong	1	U+022d U+1d50
ȭⁿdʑ	ȭ/õ ⁿdʑ	zȭⁿdʑʉ	QueyuPubarong	1	U+022d U+207f
ȳ	ȳ/y	mēɪdȳe, xtətɕȳ fla	QueyuPubarong	2	U+0233
ȳ$	ȳ/y	tɕjətɕȳ	QueyuPubarong	1	U+0233 U+0024
ȵ	ȵ	rȵə rȵə, ȵi⁵⁵ȵi³³	Daofu, MaerkangrGyalrong, QueyuXinlong, Zhaba, Zlarong, MuyaKangding	37	U+0235
ȵ̥	ȵ̊	ȵ̥e⁵⁵ȵ̥e³³, pu⁵⁵rye⁵⁵a⁵⁵ȵ̥e⁵⁵	QueyuXinlong	2	U+0235 U+0325
ȶʃ	tʃ	tə ȶʃi	MaerkangrGyalrong	1	U+0236 U+0283
ɐ	ɐ	tɐ lɐ lɐt kɑ pɑ, tsɐ³³tsɐ⁵³	MaerkangrGyalrong, MuyaKangding	100	U+0250
ɐ$	ɐ	scɐpɐ, tɐi jgɐ	Tshobdun, MaerkangrGyalrong, NgyaltsuZbu, BragbarSitu, Daofu	25	U+0250 U+0024
ɐ́	ɐ́/ɐ	kɐ́ju, nəjɐ́ʔ	NgyaltsuZbu, Tshobdun	62	U+0250 U+0301
ɐ́$	ɐ́/ɐ	kʰɐ́	Tshobdun	1	U+0250 U+0301 U+0024
ɐ̂	ɐ̂/ɐ	lʁɐ̂ t, smɐ̂k	NgyaltsuZbu, BragbarSitu, Tshobdun	36	U+0250 U+0302
ɐ̂$	ɐ̂/ɐ	kɐ-vzjɐ̂, bdɐ̂	NgyaltsuZbu, BragbarSitu	13	U+0250 U+0302 U+0024
ɐ̃	ɐ̃	mɐ̃³³tɕhø⁵³, jɐ̃³³tɕhø⁵³	MuyaKangding	2	U+0250 U+0303
ɐ̄	ɐ̄/ɐ	nə-ɲam-khɐ̄j, nə-mɐ̄r	BragbarSitu	15	U+0250 U+0304
ɐ̄$	ɐ̄	kətɕɐ̄	BragbarSitu	1	U+0250 U+0304 U+0024
ɐ̱	ɐ̠	vɐ̱⁵³, ʁɐ̱⁵³lø³³	MuyaKangding	8	U+0250 U+0331
ɐⁿg	ɐ ⁿg	wɐⁿgiʔ, vɐⁿɟí	NgyaltsuZbu, Tshobdun	7	U+0250 U+207f
ɑ	ɑ	kɑ nɑ srɑk, kɑ mkrɑk	MaerkangrGyalrong, WobziKhroskyabs, Daofu	100	U+0251
ɑ$	ɑ	pqɑ, pɑ tsɑ	MaerkangrGyalrong, WobziKhroskyabs, Daofu, SiyuewuKhroskyabs	70	U+0251 U+0024
ɑ́	ɑ́/ɑ	gɑ́v, lvɑ́ɣ	WobziKhroskyabs, SiyuewuKhroskyabs, NgyaltsuZbu	52	U+0251 U+0301
ɑ́$	ɑ́/ɑ	qʰrɑ́, kətɑ́	WobziKhroskyabs, SiyuewuKhroskyabs	18	U+0251 U+0301 U+0024
ɑ̂	ɑ̂/ɑ	pʰɑ̂ɣ, ʁɑ̂v	WobziKhroskyabs, SiyuewuKhroskyabs, NgyaltsuZbu	36	U+0251 U+0302
ɑ̂$	ɑ̂	kʰɑvɑ̂, ndʑɑ̂	SiyuewuKhroskyabs, NgyaltsuZbu, WobziKhroskyabs	26	U+0251 U+0302 U+0024
ɑ̃	ɑ̃	dʑɑ̃³³khu⁵³	MuyaKangding	1	U+0251 U+0303
ɔ	ɔ	tʰɔʔ-ⁿbrəɣʔ-lɔʔ, mɔ13	Zlarong, Tshobdun, QueyuXinlong, Geshiza	40	U+0254
ɔ$	ɔ	ɐmtʃɔ, tɔ	Geshiza, Tshobdun	8	U+0254 U+0024
ɔ́	ɔ́/ɔ	ʃɔ́ʃəm, qʰɔ́χpe	Tshobdun	3	U+0254 U+0301
ɔ̠	ɔ̙	1mɔ̠ɲɔ̠, 2qhɔ̠lʌ̠	MenyaGao	10	U+0254 U+0320
ɔ̠$	ɔ̠	1ndɔ̠, 1mɔ̠ɲɔ̠	MenyaGao	22	U+0254 U+0320 U+0024
ɕ	ɕ	1ɕipɛ, 1ɲiɕuɕu	BragbarSitu, Japhug, MenyaGao, QueyuPubarong, QueyuXinlong, Daofu, Zhaba, MuyaKangding, Tangut, NjorogsKhroskyabs, NgyaltsuZbu, GuanyinqiaoKhroskyabs, Geshiza	68	U+0255
ɕh	ɕʰ	ga ɕha	Daofu	1	U+0255 U+0068
ɕw	ɕ w	tə-ɕwiɛ̂, tə-ɕwéʔ	NgyaltsuZbu, BragbarSitu	2	U+0255 U+0077
ə	ə	məlé, mər	Daofu, WobziKhroskyabs, Tangut, Bantawa	100	U+0259
ə$	ə	ngə, ɕə	Daofu, Tangut, MaerkangrGyalrong, WobziKhroskyabs	100	U+0259 U+0024
ə.	ə̙				
əə	əː	məə¹	Tangut	1	U+0259 U+0259
əə$	əː	tíkəfsəə, wəə	Tangut, NgyaltsuZbu	2	U+0259 U+0259 U+0024
əˣ	ə x	ˣn̥əˣn̥o	QueyuPubarong	1	U+0259 U+02e3
ə́	ə́/ə	rpʰə́m, kɐ-rⁿɡə́ʔ	NgyaltsuZbu, SiyuewuKhroskyabs, Tshobdun, WobziKhroskyabs	68	U+0259 U+0301
ə́$	ə́/ə	mtɕʰə́, rvə́	SiyuewuKhroskyabs, WobziKhroskyabs	28	U+0259 U+0301 U+0024
ə̂	ə̂/ə	zdə̂m, snə̂go	SiyuewuKhroskyabs, WobziKhroskyabs, BragbarSitu, NgyaltsuZbu, Tshobdun, GuanyinqiaoKhroskyabs	92	U+0259 U+0302
ə̂$	ə̂/ə	sə̂, cə̂	WobziKhroskyabs, SiyuewuKhroskyabs, BragbarSitu, NgyaltsuZbu, QueyuPubarong	100	U+0259 U+0302 U+0024
ə̂̂	ə̂/ə	rdə̂̂l	SiyuewuKhroskyabs	1	U+0259 U+0302 U+0302
ə̃$	ə̃	mə̃	QueyuPubarong	1	U+0259 U+0303 U+0024
ə̃̌$	ə̃	mə̃̌	QueyuPubarong	1	U+0259 U+0303 U+030c U+0024
ə̄	ə̄	ˣtēɪʐə̄mu, sə̄pi	QueyuPubarong, BragbarSitu	26	U+0259 U+0304
ə̄$	ə̄/ə	ləglə̄, tʂə̄	QueyuPubarong, BragbarSitu	10	U+0259 U+0304 U+0024
ə̄ˣ	ə̄/ə x	tɕʰə̄ˣke	QueyuPubarong	1	U+0259 U+0304 U+02e3
ə̌	ə̌/ə	nə̌nə	QueyuPubarong	1	U+0259 U+030c
ə̌$	ə̌/ə	nə̌, ŋə̌	QueyuPubarong	2	U+0259 U+030c U+0024
ə̣	ə̙/ə	pjə̣j²	Tangut	1	U+0259 U+0323
ə̱	ə̠	qhə̱³³zə̱⁵³, qhə̱³³tə̱⁵³	MuyaKangding	31	U+0259 U+0331
əᵖ	ə p	ɕəᵖto	QueyuPubarong	1	U+0259 U+1d56
ɛ	ɛ	2nɛdɛ, ŋʌ³³ mɛ⁵⁵mɛ³³	MenyaGao, Daofu, Zhaba, QueyuXinlong	100	U+025b
ɛ$	ɛ	1ɕipɛ, rjɛ	Daofu, MenyaGao, Tshobdun, Geshiza	69	U+025b U+0024
ɛ̂	ɛ̂/ɛ	ta-niɛ̂p	BragbarSitu	2	U+025b U+0302
ɛ̂$	ɛ̂/ɛ	tə-ziɛ̂, tə-rniɛ̂	BragbarSitu	17	U+025b U+0302 U+0024
ɛ̃	ɛ̃	piɛ̃⁵⁵nkhu⁵⁵	Zhaba	1	U+025b U+0303
ɛ̄	ɛ̄/ɛ	ɕniɛ̄p, siɛ̄t	BragbarSitu	6	U+025b U+0304
ɛ̄$	ɛ̄/ɛ	ɕnəŋliɛ̄, tə-mɲiɛ̄	BragbarSitu	12	U+025b U+0304 U+0024
ɛ̠	ɛ̙	2nɛ̠tɕhæ̠, 1nɛ̠qʌ̠	MenyaGao	7	U+025b U+0320
ɟ	ɟ	vɟú, zɟeɟé	BragbarSitu, GuanyinqiaoKhroskyabs, SiyuewuKhroskyabs, Tshobdun, WobziKhroskyabs, NjorogsKhroskyabs, Japhug, Zhaba, MaerkangrGyalrong, Daofu	100	U+025f
ɟw	ɟ w	qɐɟwɛʔ	Tshobdun	1	U+025f U+0077
ɡ	g	ȵi31ŋɡa55, kɐ-rⁿɡə́ʔ	Zlarong, NgyaltsuZbu, MenyaGao	27	U+0261
ɢ	ɢ	2ɴɢæ̠ɴɢæ̠, nⁿɢɐ́ʔ	MenyaGao, QueyuPubarong, Japhug, NgyaltsuZbu, Daofu	10	U+0262
ɢw	ɢ w	nⁿɢwê	NgyaltsuZbu	1	U+0262 U+0077
ɣ	ɣ	2ɣiɣi, nɯɣmbɤβ	Japhug, GuanyinqiaoKhroskyabs, MenyaGao, Daofu, SiyuewuKhroskyabs, MuyaKangding, WobziKhroskyabs, Geshiza, QueyuXinlong, Tangut, QueyuPubarong	100	U+0263
ɣ$	ɣ	lvɑ́ɣ, pʰɑ̂ɣ	SiyuewuKhroskyabs, WobziKhroskyabs, Japhug, Tshobdun, NgyaltsuZbu	79	U+0263 U+0024
ɤ	ɤ	tɤ-pɤtso, tʰɤfkɤlɤɣi	Japhug	100	U+0264
ɤ$	ɤ	mɤ-, ˣtsʰopɤ	Japhug, QueyuPubarong	3	U+0264 U+0024
ɤ̄$	ɤ̄/ɤ	qʰȭᵐbɤ̄, bɤ̄	QueyuPubarong	2	U+0264 U+0304 U+0024
ɥ	ɥ	ʁɟɥæ̂	WobziKhroskyabs	1	U+0265
ɦ	ɦ	2ɦɛɡʌ, 2ɦuphɛ	MenyaGao, MuyaKangding	24	U+0266
ɨ	ɨ	sɨŋ, gjwɨr¹	Bantawa, Tangut, Zlarong, QueyuPubarong	91	U+0268
ɨ$	ɨ	ljɨ, gjɨ	QueyuPubarong, Tangut, Bantawa	41	U+0268 U+0024
ɨ.	ɨ̙				
ɨma (ɨsa)	ɨ m a	ɨma (ɨsa)	Bantawa	1	U+0268 U+006d U+0061 U+0020 U+0028 U+0268 U+0073 U+0061 U+0029
ɨɨ	ɨː	njɨɨ ɣa., ljɨɨr	Tangut	7	U+0268 U+0268
ɨɨ$	ɨː	gjɨɨ, njɨɨ	Tangut	4	U+0268 U+0268 U+0024
ɨ̂	ɨ̂/ɨ	ˣtʂʰɨ̂ʐo	QueyuPubarong	1	U+0268 U+0302
ɨ̄	ɨ̄/ɨ	kʰəsɨ̄the, mətɕɨ̄ʐæ	QueyuPubarong	10	U+0268 U+0304
ɨ̄$	ɨ̄/ɨ	zɨ̄, tʰəntsʰɨ̄	QueyuPubarong	4	U+0268 U+0304 U+0024
ɨ̌$	ɨ̌	ɹɨ̌, ɻɨ̌	QueyuPubarong	3	U+0268 U+030c U+0024
ɨ̣	ɨ̙	njwɨ̣², mjɨ̣²	Tangut	5	U+0268 U+0323
ɨ̣$	ɨ̙/ɨ	zjɨ̣	Tangut	1	U+0268 U+0323 U+0024
ɪ	ɪ	ʂɪ⁵⁵ʂɪ⁵⁵, lɪ⁵⁵lɪ⁵⁵	Zhaba, QueyuPubarong	35	U+026a
ɪ$	ɪ	babaɪ, χ^qã̄ɪ	QueyuPubarong	19	U+026a U+0024
ɪ̄$	ɪ̄/ɪ	tʂɪptʂɪ̄	QueyuPubarong	1	U+026a U+0304 U+0024
ɬ	ɬ	fɬɛ fɬa, ɬɑv ɬav	Daofu, QueyuXinlong, QueyuPubarong	9	U+026c
ɬh	ɬʰ	fɬhə	Daofu	1	U+026c U+0068
ɮ	ɮ	ɣɮa ɣɮa, ga ɣɮa	Daofu	9	U+026e
ɯ	ɯ	khɯna, nɯntsɯɣ	Japhug	100	U+026f
ɯ$	ɯ	mbrɯtɕɯ, amdzɯ	Japhug	44	U+026f U+0024
ɯ-sŋɯro_(lɤt)	ɯ + s ŋ ɯ r o + l ɤ t	ɯ-sŋɯro (lɤt)	Japhug	1	U+026f U+002d U+0073 U+014b U+026f U+0072 U+006f U+0020 U+0028 U+006c U+0264 U+0074 U+0029
ɯ́	ɯ́	tɑ-pɯ́ʔ, kɑ-rɟɯ́ɣʔ	NgyaltsuZbu	7	U+026f U+0301
ɯ̂$	ɯ̂/ɯ	tɑrzɯ̂, kɑ-sɯ̂	NgyaltsuZbu	4	U+026f U+0302 U+0024
ɯ̄$	ɯ̄	ˣtɕʰɯ̄, ˣkʰɯ̄	QueyuPubarong	2	U+026f U+0304 U+0024
ɲ	ɲ	ta-rɲê, nə-ɲam-khɐ̄j	KyomkyoSitu, WobziKhroskyabs, BragbarSitu, SiyuewuKhroskyabs, NgyaltsuZbu, MenyaGao, GuanyinqiaoKhroskyabs, Geshiza, Japhug, NjorogsKhroskyabs, QueyuPubarong, Tshobdun	93	U+0272
ɴ	ɴ	ʁɴjí, ʁɴjî	MenyaGao, WobziKhroskyabs, SiyuewuKhroskyabs, MuyaKangding, Geshiza, Japhug	17	U+0274
ɴa³³_(ti⁵⁵)	ɴ a ³³ t i ⁵⁵	ɴa³³ (ti⁵⁵)	MuyaKangding	1	U+0274 U+0061 U+00b3 U+00b3 U+0020 U+0028 U+0074 U+0069 U+2075 U+2075 U+0029
ɹ	ɹ	ɲuɹɨ	QueyuPubarong	1	U+0279
ɻ	ɻ	ɕʰəɻaɪ, tʂwəqāɻa	QueyuPubarong	2	U+027b
ɽ	ɽ	kətɽoʔk, katɽap	KyomkyoSitu	10	U+027d
ɿ	ɿ	ʂɿ⁵⁵ʂ̩ɿ³³, ndʐɿ⁵⁵	Zhaba	23	U+027f
ʁ	ʁ	ɯ-ʁɤri, ɲæʁdí	NgyaltsuZbu, SiyuewuKhroskyabs, Japhug, GuanyinqiaoKhroskyabs, MenyaGao, WobziKhroskyabs, Daofu, Tshobdun, MuyaKangding, QueyuXinlong	94	U+0281
ʁ$	ʁ	tɕɣaʁ, βraʁ	Japhug, NgyaltsuZbu, SiyuewuKhroskyabs	75	U+0281 U+0024
ʁw	ʁ w	ɐʁwê	NgyaltsuZbu	1	U+0281 U+0077
ʁʑ	ʁ ʑ	sto⁵⁵ʁʑye⁵⁵, spu⁵⁵ʁʑye⁵⁵	QueyuXinlong	2	U+0281 U+0291
ʁʒ	ʁ ʒ	mda¹³ʁʒi⁵⁵brə³³	QueyuXinlong	1	U+0281 U+0292
ʂ	ʂ	kə⁵⁵ʂta⁵⁵, ʂɪ⁵⁵ʂɪ⁵⁵	Zhaba, QueyuXinlong, Daofu, MenyaGao	15	U+0282
ʂs	ʂ s	qa³³ʂsi⁵⁵	QueyuXinlong	1	U+0282 U+0073
ʂ̩	ʂ̩	ʂɿ⁵⁵ʂ̩ɿ³³	Zhaba	1	U+0282 U+0329
ʃ	ʃ	ɣɯ¹³ʃi⁵⁵ʃɛ³³, kaʃə	KyomkyoSitu, MaerkangrGyalrong, QueyuXinlong, Tshobdun	49	U+0283
ʃw	ʃ w	təʃwa	KyomkyoSitu	1	U+0283 U+0077
ʉ$	ʉ	zȭⁿdʑʉ	QueyuPubarong	1	U+0289 U+0024
ʊ	ʊ	ɕɑ̂ŋtʊŋ	WobziKhroskyabs	1	U+028a
ʊ$	ʊ	xa ə̄-tʊ, xtɕʰʊ	QueyuPubarong	3	U+028a U+0024
ʊ́	ʊ́/ʊ	tʂʰʊ́ŋ lǽ	WobziKhroskyabs	1	U+028a U+0301
ʊ̂	ʊ̂/ʊ	spjʊ̂ŋkəɣ	WobziKhroskyabs	1	U+028a U+0302
ʊ̃$	ʊ̃	ptɕjʊ̃	QueyuPubarong	1	U+028a U+0303 U+0024
ʊ̄	ʊ̄/ʊ	sʊ̄sʊ	QueyuPubarong	1	U+028a U+0304
ʌ	ʌ	dʐʌ³³ zʌ⁵⁵, zɿ¹³pʌ³³ɟjʌ⁵⁵	Zhaba, MenyaGao	90	U+028c
ʌ$	ʌ	2kɛxʌ, 2ɦɛɡʌ	MenyaGao	47	U+028c U+0024
ʌʌ$	ʌː	2jʌʌ	MenyaGao	1	U+028c U+028c U+0024
ʌ̠	ʌ̙	2qʌ̠lʌ̠æ̠, 1ɲʌ̠qʌ̠søʐø	MenyaGao	20	U+028c U+0320
ʌ̠$	ʌ̙	1tshʌ̠, 1nɛ̠qʌ̠	MenyaGao	19	U+028c U+0320 U+0024
ʐ	ʐ	ʌ³³ʐa⁵⁵ʐa³³, 2ndəʐe	MenyaGao, QueyuPubarong, Zhaba	77	U+0290
ʐw	ʐ w	buʐwə	QueyuPubarong	1	U+0290 U+0077
ʑ	ʑ	bəʑə, kəʑē	Japhug, Geshiza, Zhaba, QueyuXinlong, QueyuPubarong, BragbarSitu, MenyaGao	21	U+0291
ʒ	ʒ	kaməʒur, kəʒu	KyomkyoSitu, MaerkangrGyalrong	4	U+0292
ʔ	ʔ	tʰɔʔ-ⁿbrəɣʔ-lɔʔ, təmtʃuɣʔzɐrnaʔ	NjorogsKhroskyabs, KyomkyoSitu, Tshobdun, OldBurmese, NgyaltsuZbu	95	U+0294
ʔ$	ʔ	lŋaʔ, koʔ	Tshobdun, OldBurmese	100	U+0294 U+0024
ʔs	ʔ s	sneʔs⁵³, χpʰaʔs⁵⁵	NjorogsKhroskyabs	8	U+0294 U+0073
ʔs$	ʔ s	scçʰeʔs, kəʃnəʔs	KyomkyoSitu, NjorogsKhroskyabs	2	U+0294 U+0073 U+0024
ˈl	l	ta-ˈliɛliɛt	BragbarSitu	1	U+02c8 U+006c
ˈm	m	kə-ɕəm-ˈmbrombro	BragbarSitu	1	U+02c8 U+006d
ˈn	n	ta-zōr ˈno-tɕhe	BragbarSitu	1	U+02c8 U+006e
́	NULL				
̃	NULL				
̍	NULL				
̠	NULL				
β	β	βɐ⁵³βɐ³³, βə³³βə⁵³	MuyaKangding, Japhug	12	U+03b2
β$	β	nɯɣmbɤβ, tʂɯβ	Japhug	10	U+03b2 U+0024
ε	ɛ	xtεʔ	Tshobdun	1	U+03b5
ε$	ɛ	mε	Tshobdun	1	U+03b5 U+0024
χ	χ	aχom, sŋɯχcɤl	Japhug, NgyaltsuZbu, GuanyinqiaoKhroskyabs, WobziKhroskyabs, Tshobdun, NjorogsKhroskyabs, SiyuewuKhroskyabs, MenyaGao	31	U+03c7
χs	χ s	saχsɯ, sɐ́χsə	NgyaltsuZbu, Japhug	5	U+03c7 U+0073
χɕ	χ ɕ	na³³χɕot⁵⁵, aɕoχɕi	Japhug, NjorogsKhroskyabs	2	U+03c7 U+0255
χʃ	χ ʃ	raχʃa	Tshobdun	1	U+03c7 U+0283
ᴇ	ɛ	kə skrᴇn, kə pᴇ kɐ lɐt	MaerkangrGyalrong	10	U+1d07
ᴇ$	ɛ	ʃᴇ, tɑ pjɑ kᴇ	MaerkangrGyalrong	20	U+1d07 U+0024
ᴜ	ʊ	dᴜ³³dᴜ⁵⁵, kᴜ³³ ŋᴜ⁵⁵	Zhaba	18	U+1d1c
ᴜ̃	ʊ̃	lᴜ̃³³tɕho⁵⁵, bdʑᴜ̃¹³	Zhaba	3	U+1d1c U+0303
ᵐb	ⁿb				
ᵐb	ⁿb	ⁿdaᵐbā, tɕaᵐtsʰu	QueyuPubarong	2	U+0061 U+1d50
ᵐn	ⁿn	ˣl̥əᵐnə, n̥əᵐpə	QueyuPubarong	2	U+0259 U+1d50
ᵐp	ⁿp
ḥ	ɦ	pāḥ◦cap, nāḥ◦ro₁k	OldBurmese	7	U+1e25
ḥ$	ɦ	nhaṅḥ, liyḥ	OldBurmese	81	U+1e25 U+0024
ṁ$	m	to₂ṅ◦paṁ	OldBurmese	1	U+1e41 U+0024
ṃ	m̩/m	luṃḥ, naṃ◦nak	OldBurmese	6	U+1e43
ṃ$	m̩/m	pyaṃ, sak◦taṃ	OldBurmese	5	U+1e43 U+0024
ṅ	ŋ	nhaṅḥ, khyo₁ṅḥ	OldBurmese	16	U+1e45
ṅ$	ŋ	laṅ, sañ◦to₁ṅ	OldBurmese	12	U+1e45 U+0024
ạ	a̙	dạ², bạ²	Tangut	7	U+1ea1
ạ$	a̙/a	kjạ, lhjwạ	Tangut	3	U+1ea1 U+0024
ẹ	e̙/e	ɣiẹ¹, bẹ¹	Tangut	2	U+1eb9
ẽ	ẽ	tʂhẽ⁵⁵tʂhe⁵³, xẽ55mbu53	MuyaKangding, Zlarong, Zhaba	3	U+1ebd
ị	i̙	mjịj¹, dzjị¹	Tangut	8	U+1ecb
ọ$	o̙/o	ljọ	Tangut	1	U+1ecd U+0024
ụ	u̙				
⁵	⁵	sko⁵me⁵⁵, vu⁵ɲaq⁵⁵	GuanyinqiaoKhroskyabs, NjorogsKhroskyabs	2	U+2075
⁵³	⁵³	ɐ⁵³ tsə³³, thə⁵³tshe³³	MuyaKangding, GuanyinqiaoKhroskyabs, NjorogsKhroskyabs	38	U+2075 U+00b3
⁵³$	⁵³	mi⁵³, ɣu⁵³	MuyaKangding, Zhaba	100	U+2075 U+00b3 U+0024
⁵⁵	⁵⁵	sᴜ⁵⁵khə⁵⁵ȵi⁵⁵, cçʌ⁵⁵kʌ⁵⁵mi³³	Zhaba	100	U+2075 U+2075
⁵⁵$	⁵⁵	sy⁵⁵, tshɿ⁵⁵	Zhaba	100	U+2075 U+2075 U+0024
⁵⁵|	⁵⁵	ʃə⁵⁵|rə⁵⁵, xə⁵⁵|ʐə⁵⁵	Zhaba, QueyuXinlong	3	U+2075 U+2075 U+007c
ⁿ_b	ⁿb				
ⁿ_d	ⁿd				
ⁿ_g	ⁿg				
ⁿ_ɟ	ⁿɟ				
ⁿb	ⁿb
ⁿb	ⁿb	tʰɔʔ-ⁿbrəɣʔ-lɔʔ, kɐ-ⁿbɐ̂ʁ	NgyaltsuZbu, Tshobdun	5	U+207f U+0062
ⁿd	ⁿd	
ⁿd	ⁿd	kɑ-ⁿdɑ̂, tə-ⁿdzrúʔ	NgyaltsuZbu	3	U+207f U+0064
ⁿdʐ	ⁿɖʐ	tɑlvɑⁿdómⁿdom, lɐmⁿdʐo	NgyaltsuZbu, Tshobdun	2	U+006d U+207f
ⁿdʑ	ⁿdʑ	kɐ-ⁿdʑôv, kɐ-ⁿdʑɐ̂ʁ	NgyaltsuZbu	3	U+207f U+0064 U+0291
ⁿg	ⁿg
ⁿk	ⁿk
ⁿɟ	ⁿɟ	kə-ⁿɟɐ́ʁ	NgyaltsuZbu	1	U+207f U+025f
ⁿɡ	ⁿg	tɐ-ⁿɡómʔ, kə-ⁿɡór	NgyaltsuZbu	2	U+207f U+0261
ⁿɢ	ⁿɢ
₁$	¹	ro₁, khō₁	OldBurmese	2	U+2081 U+0024
₂	²	ko₂k, khro₂k	OldBurmese	19	U+2082
◦	+	cā◦ka◦leḥ, ma◦nak◦phran	OldBurmese, QueyuXinlong, MaerkangrGyalrong, Daofu	63	U+25e6
ⁿtsʰ	ⁿtsʰ
ᵐtsʰ	ⁿtsʰ
a²	²/a
a²⁴	²⁴/a
a³³	³³/a
a³¹	³¹/a
a³⁵	³⁵/a
a¹	¹/a
a¹³	¹³/a
aː²	²/aː
aː¹	¹/aː
a̙²	²/a̙
a̙¹	¹/a̙
a⁵³	⁵³/a
a⁵⁵	⁵⁵/a
e²	²/e
e²⁴	²⁴/e
e³³	³³/e
e³¹	³¹/e
e¹	¹/e
e¹³	¹³/e
e̙³³	e̙³³/e
e̙¹	e̙¹/e
e⁵³	⁵³/e
e⁵⁵	⁵⁵/e
i²	²/i
i²⁴	²⁴/i
i³³	³³/i
i³¹	³¹/i
i¹	¹/i
i¹³	¹³/i
iː²	²/iː
iː¹	¹/iː
i̙²	²/i̙
i̙¹	¹/i̙
i⁵³	⁵³/i
i⁵⁵	⁵⁵/i
j²	²/j
j¹	¹/j
k⁵⁵	⁵⁵/k
l³³	³³/l
l⁵³	⁵³/l
l⁵⁵	⁵⁵/l
m³³	³³/m
m⁵³	⁵³/m
m⁵⁵	⁵⁵/m
n³³	³³/n
n⁵³	⁵³/n
n⁵⁵	⁵⁵/n
o²	²/o
o²⁴	²⁴/o
o³³	³³/o
o³¹	³¹/o
o³⁵	³⁵/o
o¹	¹/o
o¹³	¹³/o
oː¹	¹/oː
o⁵	⁵/o
o⁵³	⁵³/o
o⁵⁵	⁵⁵/o
p⁵⁵	⁵⁵/p
q³³	³³/q
q⁵³	⁵³/q
q⁵⁵	⁵⁵/q
r²	²/r
r³³	³³/r
r¹	¹/r
r¹³	¹³/r
r⁵³	⁵³/r
r⁵⁵	⁵⁵/r
s³³	³³/s
s⁵³	⁵³/s
s⁵⁵	⁵⁵/s
t³³	³³/t
t⁵³	⁵³/t
t⁵⁵	⁵⁵/t
u²	²/u
u²⁴	²⁴/u
u³	³/u
u³³	³³/u
u³¹	³¹/u
u¹	¹/u
u¹³	¹³/u
uː²	²/uː
u̙¹	¹/u̙
u⁵	⁵/u
u⁵³	⁵³/u
u⁵⁵	⁵⁵/u
v⁵³	⁵³/v
v⁵⁵	⁵⁵/v
w²	²/w
w¹	¹/w
y²⁴	²⁴/y
y³³	³³/y
y³¹	³¹/y
y¹	¹/y
y¹³	¹³/y
y⁵³	⁵³/y
y⁵⁵	⁵⁵/y
²k	²/k
ã³¹	³¹/ã
ã⁵³	⁵³/ã
ã⁵⁵	⁵⁵/ã
æ²⁴	²⁴/æ
æ³³	³³/æ
æ³¹	³¹/æ
æ̃³³	³³/æ̃
æ̠²	²/æ̠
æ̠¹	¹/æ̠
æ⁵³	⁵³/æ
æ⁵⁵	⁵⁵/æ
õ⁵³	⁵³/õ
õ⁵⁵	⁵⁵/õ
ø²	²/ø
ø²⁴	²⁴/ø
ø³³	³³/ø
ø¹	¹/ø
ø̃³³	³³/ø̃
ø̙²⁴	ø̙²⁴/ø
ø⁵³	⁵³/ø
ø⁵⁵	⁵⁵/ø
ĩ⁵⁵	⁵⁵/ĩ
ŋ³³	³³/ŋ
ŋ³¹	³¹/ŋ
ŋ¹³	¹³/ŋ
ŋ⁵³	⁵³/ŋ
ŋ⁵⁵	⁵⁵/ŋ
ō¹	ō¹/o
ō/o¹	ō¹/o
ũ³¹	³¹/ũ
ũ⁵³	⁵³/ũ
ũ⁵⁵	⁵⁵/ũ
ɐ²⁴	²⁴/ɐ
ɐ³³	³³/ɐ
ɐ̃³³	³³/ɐ̃
ɐ̠³³	³³/ɐ̠
ɐ̠⁵³	⁵³/ɐ̠
ɐ̠⁵⁵	⁵⁵/ɐ̠
ɐ⁵³	⁵³/ɐ
ɐ⁵⁵	⁵⁵/ɐ
ɑ²⁴	²⁴/ɑ
ɑ³³	³³/ɑ
ɑ¹³	¹³/ɑ
ɑ̃³³	³³/ɑ̃
ɑ⁵³	⁵³/ɑ
ɑ⁵⁵	⁵⁵/ɑ
ɔ³¹	³¹/ɔ
ɔ¹³	¹³/ɔ
ɔ̠²	²/ɔ̠
ɔ̠¹	¹/ɔ̠
ɔ⁵³	⁵³/ɔ
ɔ⁵⁵	⁵⁵/ɔ
ə²	²/ə
ə²⁴	²⁴/ə
ə³³	³³/ə
ə³¹	³¹/ə
ə¹	¹/ə
ə¹³	¹³/ə
əː¹	¹/əː
ə̠²⁴	²⁴/ə̠
ə̠³³	³³/ə̠
ə̠⁵³	⁵³/ə̠
ə̠⁵⁵	⁵⁵/ə̠
ə⁵³	⁵³/ə
ə⁵⁵	⁵⁵/ə
ɛ²	²/ɛ
ɛ³³	³³/ɛ
ɛ³¹	³¹/ɛ
ɛ¹	¹/ɛ
ɛ¹³	¹³/ɛ
ɛ̃⁵⁵	⁵⁵/ɛ̃
ɛ⁵³	⁵³/ɛ
ɛ⁵⁵	⁵⁵/ɛ
ɣ³³	³³/ɣ
ɣ⁵³	⁵³/ɣ
ɣ⁵⁵	⁵⁵/ɣ
ɤ⁵³	⁵³/ɤ
ɨ²	²/ɨ
ɨ³¹	³¹/ɨ
ɨ¹	¹/ɨ
ɨ¹³	¹³/ɨ
ɨː²	²/ɨː
ɨ̙²	²/ɨ̙
ɨ̙¹	¹/ɨ̙
ɨ⁵³	⁵³/ɨ
ɨ⁵⁵	⁵⁵/ɨ
ɪ³³	³³/ɪ
ɪ¹³	¹³/ɪ
ɪ⁵⁵	⁵⁵/ɪ
ɯ³³	³³/ɯ
ɯ¹³	¹³/ɯ
ɯ⁵⁵	⁵⁵/ɯ
ɿ³³	³³/ɿ
ɿ³¹	³¹/ɿ
ɿ¹³	¹³/ɿ
ɿ⁵⁵	⁵⁵/ɿ
ʅ⁵³	⁵³/ʅ
ʊ³³	³³/ʊ
ʊ¹³	¹³/ʊ
ʊ̃³³	³³/ʊ̃
ʊ̃¹³	¹³/ʊ̃
ʊ̃⁵⁵	⁵⁵/ʊ̃
ʊ⁵⁵	⁵⁵/ʊ
ʌ²	²/ʌ
ʌ³³	³³/ʌ
ʌ¹	¹/ʌ
ʌ¹³	¹³/ʌ
ʌː²	²/ʌː
ʌ̙²	²/ʌ̙
ʌ̙¹	¹/ʌ̙
ʌ⁵³	⁵³/ʌ
ʌ⁵⁵	⁵⁵/ʌ
ʔ⁵³	⁵³/ʔ
ʔ⁵⁵	⁵⁵/ʔ
χ³³	³³/χ
ẽ¹³	¹³/ẽ
ẽ⁵⁵	⁵⁵/ẽ
a2	²/a
a24	²⁴/a
a33	³³/a
a31	³¹/a
a35	³⁵/a
a1	¹/a
a13	¹³/a
aː2	²/aː
aː1	¹/aː
a̙2	²/a̙
a̙1	¹/a̙
a53	⁵³/a
a55	⁵⁵/a
e2	²/e
e24	²⁴/e
e33	³³/e
e31	³¹/e
e1	¹/e
e13	¹³/e
e̙33	e̙³³/e
e̙1	e̙¹/e
e53	⁵³/e
e55	⁵⁵/e
i2	²/i
i24	²⁴/i
i33	³³/i
i31	³¹/i
i1	¹/i
i13	¹³/i
iː2	²/iː
iː1	¹/iː
i̙2	²/i̙
i̙1	¹/i̙
i53	⁵³/i
i55	⁵⁵/i
j2	²/j
j1	¹/j
k55	⁵⁵/k
l33	³³/l
l53	⁵³/l
l55	⁵⁵/l
m33	³³/m
m53	⁵³/m
m55	⁵⁵/m
n33	³³/n
n53	⁵³/n
n55	⁵⁵/n
o2	²/o
o24	²⁴/o
o33	³³/o
o31	³¹/o
o35	³⁵/o
o1	¹/o
o13	¹³/o
oː1	¹/oː
o5	⁵/o
o53	⁵³/o
o55	⁵⁵/o
p55	⁵⁵/p
q33	³³/q
q53	⁵³/q
q55	⁵⁵/q
r2	²/r
r33	³³/r
r1	¹/r
r13	¹³/r
r53	⁵³/r
r55	⁵⁵/r
s33	³³/s
s53	⁵³/s
s55	⁵⁵/s
t33	³³/t
t53	⁵³/t
t55	⁵⁵/t
u2	²/u
u24	²⁴/u
u3	³/u
u33	³³/u
u31	³¹/u
u1	¹/u
u13	¹³/u
uː2	²/uː
u̙1	¹/u̙
u5	⁵/u
u53	⁵³/u
u55	⁵⁵/u
v53	⁵³/v
v55	⁵⁵/v
w2	²/w
w1	¹/w
y24	²⁴/y
y33	³³/y
y31	³¹/y
y1	¹/y
y13	¹³/y
y53	⁵³/y
y55	⁵⁵/y
2k	²/k
ã31	³¹/ã
ã53	⁵³/ã
ã55	⁵⁵/ã
æ24	²⁴/æ
æ33	³³/æ
æ31	³¹/æ
æ̃33	³³/æ̃
æ̠2	²/æ̠
æ̠1	¹/æ̠
æ53	⁵³/æ
æ55	⁵⁵/æ
õ53	⁵³/õ
õ55	⁵⁵/õ
ø2	²/ø
ø24	²⁴/ø
ø33	³³/ø
ø1	¹/ø
ø̃33	³³/ø̃
ø̙24	ø̙²⁴/ø
ø53	⁵³/ø
ø55	⁵⁵/ø
ĩ55	⁵⁵/ĩ
ŋ33	³³/ŋ
ŋ31	³¹/ŋ
ŋ13	¹³/ŋ
ŋ53	⁵³/ŋ
ŋ55	⁵⁵/ŋ
ō1	ō¹/o
ō/o1	ō¹/o
ũ31	³¹/ũ
ũ53	⁵³/ũ
ũ55	⁵⁵/ũ
ɐ24	²⁴/ɐ
ɐ33	³³/ɐ
ɐ̃33	³³/ɐ̃
ɐ̠33	³³/ɐ̠
ɐ̠53	⁵³/ɐ̠
ɐ̠55	⁵⁵/ɐ̠
ɐ53	⁵³/ɐ
ɐ55	⁵⁵/ɐ
ɑ24	²⁴/ɑ
ɑ33	³³/ɑ
ɑ13	¹³/ɑ
ɑ̃33	³³/ɑ̃
ɑ53	⁵³/ɑ
ɑ55	⁵⁵/ɑ
ɔ31	³¹/ɔ
ɔ13	¹³/ɔ
ɔ̠2	²/ɔ̠
ɔ̠1	¹/ɔ̠
ɔ53	⁵³/ɔ
ɔ55	⁵⁵/ɔ
ə2	²/ə
ə24	²⁴/ə
ə33	³³/ə
ə31	³¹/ə
ə1	¹/ə
ə13	¹³/ə
əː1	¹/əː
ə̠24	²⁴/ə̠
ə̠33	³³/ə̠
ə̠53	⁵³/ə̠
ə̠55	⁵⁵/ə̠
ə53	⁵³/ə
ə55	⁵⁵/ə
ɛ2	²/ɛ
ɛ33	³³/ɛ
ɛ31	³¹/ɛ
ɛ1	¹/ɛ
ɛ13	¹³/ɛ
ɛ̃55	⁵⁵/ɛ̃
ɛ53	⁵³/ɛ
ɛ55	⁵⁵/ɛ
ɣ33	³³/ɣ
ɣ53	⁵³/ɣ
ɣ55	⁵⁵/ɣ
ɤ53	⁵³/ɤ
ɨ2	²/ɨ
ɨ31	³¹/ɨ
ɨ1	¹/ɨ
ɨ13	¹³/ɨ
ɨː2	²/ɨː
ɨ̙2	²/ɨ̙
ɨ̙1	¹/ɨ̙
ɨ53	⁵³/ɨ
ɨ55	⁵⁵/ɨ
ɪ33	³³/ɪ
ɪ13	¹³/ɪ
ɪ55	⁵⁵/ɪ
ɯ33	³³/ɯ
ɯ13	¹³/ɯ
ɯ55	⁵⁵/ɯ
ɿ33	³³/ɿ
ɿ31	³¹/ɿ
ɿ13	¹³/ɿ
ɿ55	⁵⁵/ɿ
ʅ53	⁵³/ʅ
ʊ33	³³/ʊ
ʊ13	¹³/ʊ
ʊ̃33	³³/ʊ̃
ʊ̃13	¹³/ʊ̃
ʊ̃55	⁵⁵/ʊ̃
ʊ55	⁵⁵/ʊ
ʌ2	²/ʌ
ʌ33	³³/ʌ
ʌ1	¹/ʌ
ʌ13	¹³/ʌ
ʌː2	²/ʌː
ʌ̙2	²/ʌ̙
ʌ̙1	¹/ʌ̙
ʌ53	⁵³/ʌ
ʌ55	⁵⁵/ʌ
ʔ53	⁵³/ʔ
ʔ55	⁵⁵/ʔ
χ33	³³/χ
ẽ13	¹³/ẽ
ẽ55	⁵⁵/ẽ
